deck,slot_number,card_name,oracle_id,primary_role,secondary_roles,mana_value,color_identity,card_type,source_reference,argentum_definition_found,argentum_definition_path,definition_kind,scenario_test_found,scenario_test_path,coverage_class,mechanic_families,decision_families,game_changer,banned,combo_member,tutor,board_wipe,engine_notes,replacement_candidate
Akiri,1,"Akiri, Fearless Voyager",c03ae426-2536-4c20-a73a-a24e816f76b0,COMMANDER,SYNERGY_ENGINE,3,RW,Legendary Creature — Kor Warrior,Scryfall oracle_id c03ae426-2536-4c20-a73a-a24e816f76b0; repository audit 31853cfe91b52718dc3fb67f159e6267d9c5fcc1,FALSE,,UNKNOWN,FALSE,,CARD_DEFINITION_MISSING,attack_trigger|commander_zone|draw|equipment_attachment|equipped_creatures|one_or_more_batch|temporary_indestructible|unattach_as_cost,ATTACK|CARD_SELECTION|CONFIRMATION|PAYMENT|REPLACEMENT_CHOICE|TARGET,FALSE,FALSE,FALSE,FALSE,FALSE,Audit source 31853cfe91b52718dc3fb67f159e6267d9c5fcc1; upstream d66a5d7f1b46b0ed8891c34ccfe163d491c4ff3d. No executable CardDefinition path found in current source index. ARG-02.1 commander zone-choice conformance is active work outside this audit base.,
Akiri,2,Plains,bc71ebf6-2056-41f7-be35-b2e5c34afa99,LAND,,0,W,Basic Land — Plains,Scryfall oracle_id bc71ebf6-2056-41f7-be35-b2e5c34afa99; repository audit 31853cfe91b52718dc3fb67f159e6267d9c5fcc1,TRUE,mtg-sets\1993-1999\src\main\kotlin\com\wingedsheep\mtg\sets\definitions\leb\cards\LimitedEditionBetaBasicLands.kt,HAND_AUTHORED,FALSE,,SUPPORTED_DEFINITION_TEST_UNCLEAR,mana_source,MANA_SOURCE_SELECTION,FALSE,FALSE,FALSE,FALSE,FALSE,Audit source 31853cfe91b52718dc3fb67f159e6267d9c5fcc1; upstream d66a5d7f1b46b0ed8891c34ccfe163d491c4ff3d. Hand-authored definition; no exact ScenarioTest found.,
Akiri,3,Plains,bc71ebf6-2056-41f7-be35-b2e5c34afa99,LAND,,0,W,Basic Land — Plains,Scryfall oracle_id bc71ebf6-2056-41f7-be35-b2e5c34afa99; repository audit 31853cfe91b52718dc3fb67f159e6267d9c5fcc1,TRUE,mtg-sets\1993-1999\src\main\kotlin\com\wingedsheep\mtg\sets\definitions\leb\cards\LimitedEditionBetaBasicLands.kt,HAND_AUTHORED,FALSE,,SUPPORTED_DEFINITION_TEST_UNCLEAR,mana_source,MANA_SOURCE_SELECTION,FALSE,FALSE,FALSE,FALSE,FALSE,Audit source 31853cfe91b52718dc3fb67f159e6267d9c5fcc1; upstream d66a5d7f1b46b0ed8891c34ccfe163d491c4ff3d. Hand-authored definition; no exact ScenarioTest found.,
Akiri,4,Plains,bc71ebf6-2056-41f7-be35-b2e5c34afa99,LAND,,0,W,Basic Land — Plains,Scryfall oracle_id bc71ebf6-2056-41f7-be35-b2e5c34afa99; repository audit 31853cfe91b52718dc3fb67f159e6267d9c5fcc1,TRUE,mtg-sets\1993-1999\src\main\kotlin\com\wingedsheep\mtg\sets\definitions\leb\cards\LimitedEditionBetaBasicLands.kt,HAND_AUTHORED,FALSE,,SUPPORTED_DEFINITION_TEST_UNCLEAR,mana_source,MANA_SOURCE_SELECTION,FALSE,FALSE,FALSE,FALSE,FALSE,Audit source 31853cfe91b52718dc3fb67f159e6267d9c5fcc1; upstream d66a5d7f1b46b0ed8891c34ccfe163d491c4ff3d. Hand-authored definition; no exact ScenarioTest found.,
Akiri,5,Plains,bc71ebf6-2056-41f7-be35-b2e5c34afa99,LAND,,0,W,Basic Land — Plains,Scryfall oracle_id bc71ebf6-2056-41f7-be35-b2e5c34afa99; repository audit 31853cfe91b52718dc3fb67f159e6267d9c5fcc1,TRUE,mtg-sets\1993-1999\src\main\kotlin\com\wingedsheep\mtg\sets\definitions\leb\cards\LimitedEditionBetaBasicLands.kt,HAND_AUTHORED,FALSE,,SUPPORTED_DEFINITION_TEST_UNCLEAR,mana_source,MANA_SOURCE_SELECTION,FALSE,FALSE,FALSE,FALSE,FALSE,Audit source 31853cfe91b52718dc3fb67f159e6267d9c5fcc1; upstream d66a5d7f1b46b0ed8891c34ccfe163d491c4ff3d. Hand-authored definition; no exact ScenarioTest found.,
Akiri,6,Plains,bc71ebf6-2056-41f7-be35-b2e5c34afa99,LAND,,0,W,Basic Land — Plains,Scryfall oracle_id bc71ebf6-2056-41f7-be35-b2e5c34afa99; repository audit 31853cfe91b52718dc3fb67f159e6267d9c5fcc1,TRUE,mtg-sets\1993-1999\src\main\kotlin\com\wingedsheep\mtg\sets\definitions\leb\cards\LimitedEditionBetaBasicLands.kt,HAND_AUTHORED,FALSE,,SUPPORTED_DEFINITION_TEST_UNCLEAR,mana_source,MANA_SOURCE_SELECTION,FALSE,FALSE,FALSE,FALSE,FALSE,Audit source 31853cfe91b52718dc3fb67f159e6267d9c5fcc1; upstream d66a5d7f1b46b0ed8891c34ccfe163d491c4ff3d. Hand-authored definition; no exact ScenarioTest found.,
Akiri,7,Plains,bc71ebf6-2056-41f7-be35-b2e5c34afa99,LAND,,0,W,Basic Land — Plains,Scryfall oracle_id bc71ebf6-2056-41f7-be35-b2e5c34afa99; repository audit 31853cfe91b52718dc3fb67f159e6267d9c5fcc1,TRUE,mtg-sets\1993-1999\src\main\kotlin\com\wingedsheep\mtg\sets\definitions\leb\cards\LimitedEditionBetaBasicLands.kt,HAND_AUTHORED,FALSE,,SUPPORTED_DEFINITION_TEST_UNCLEAR,mana_source,MANA_SOURCE_SELECTION,FALSE,FALSE,FALSE,FALSE,FALSE,Audit source 31853cfe91b52718dc3fb67f159e6267d9c5fcc1; upstream d66a5d7f1b46b0ed8891c34ccfe163d491c4ff3d. Hand-authored definition; no exact ScenarioTest found.,
Akiri,8,Plains,bc71ebf6-2056-41f7-be35-b2e5c34afa99,LAND,,0,W,Basic Land — Plains,Scryfall oracle_id bc71ebf6-2056-41f7-be35-b2e5c34afa99; repository audit 31853cfe91b52718dc3fb67f159e6267d9c5fcc1,TRUE,mtg-sets\1993-1999\src\main\kotlin\com\wingedsheep\mtg\sets\definitions\leb\cards\LimitedEditionBetaBasicLands.kt,HAND_AUTHORED,FALSE,,SUPPORTED_DEFINITION_TEST_UNCLEAR,mana_source,MANA_SOURCE_SELECTION,FALSE,FALSE,FALSE,FALSE,FALSE,Audit source 31853cfe91b52718dc3fb67f159e6267d9c5fcc1; upstream d66a5d7f1b46b0ed8891c34ccfe163d491c4ff3d. Hand-authored definition; no exact ScenarioTest found.,
Akiri,9,Plains,bc71ebf6-2056-41f7-be35-b2e5c34afa99,LAND,,0,W,Basic Land — Plains,Scryfall oracle_id bc71ebf6-2056-41f7-be35-b2e5c34afa99; repository audit 31853cfe91b52718dc3fb67f159e6267d9c5fcc1,TRUE,mtg-sets\1993-1999\src\main\kotlin\com\wingedsheep\mtg\sets\definitions\leb\cards\LimitedEditionBetaBasicLands.kt,HAND_AUTHORED,FALSE,,SUPPORTED_DEFINITION_TEST_UNCLEAR,mana_source,MANA_SOURCE_SELECTION,FALSE,FALSE,FALSE,FALSE,FALSE,Audit source 31853cfe91b52718dc3fb67f159e6267d9c5fcc1; upstream d66a5d7f1b46b0ed8891c34ccfe163d491c4ff3d. Hand-authored definition; no exact ScenarioTest found.,
Akiri,10,Plains,bc71ebf6-2056-41f7-be35-b2e5c34afa99,LAND,,0,W,Basic Land — Plains,Scryfall oracle_id bc71ebf6-2056-41f7-be35-b2e5c34afa99; repository audit 31853cfe91b52718dc3fb67f159e6267d9c5fcc1,TRUE,mtg-sets\1993-1999\src\main\kotlin\com\wingedsheep\mtg\sets\definitions\leb\cards\LimitedEditionBetaBasicLands.kt,HAND_AUTHORED,FALSE,,SUPPORTED_DEFINITION_TEST_UNCLEAR,mana_source,MANA_SOURCE_SELECTION,FALSE,FALSE,FALSE,FALSE,FALSE,Audit source 31853cfe91b52718dc3fb67f159e6267d9c5fcc1; upstream d66a5d7f1b46b0ed8891c34ccfe163d491c4ff3d. Hand-authored definition; no exact ScenarioTest found.,
Akiri,11,Plains,bc71ebf6-2056-41f7-be35-b2e5c34afa99,LAND,,0,W,Basic Land — Plains,Scryfall oracle_id bc71ebf6-2056-41f7-be35-b2e5c34afa99; repository audit 31853cfe91b52718dc3fb67f159e6267d9c5fcc1,TRUE,mtg-sets\1993-1999\src\main\kotlin\com\wingedsheep\mtg\sets\definitions\leb\cards\LimitedEditionBetaBasicLands.kt,HAND_AUTHORED,FALSE,,SUPPORTED_DEFINITION_TEST_UNCLEAR,mana_source,MANA_SOURCE_SELECTION,FALSE,FALSE,FALSE,FALSE,FALSE,Audit source 31853cfe91b52718dc3fb67f159e6267d9c5fcc1; upstream d66a5d7f1b46b0ed8891c34ccfe163d491c4ff3d. Hand-authored definition; no exact ScenarioTest found.,
Akiri,12,Plains,bc71ebf6-2056-41f7-be35-b2e5c34afa99,LAND,,0,W,Basic Land — Plains,Scryfall oracle_id bc71ebf6-2056-41f7-be35-b2e5c34afa99; repository audit 31853cfe91b52718dc3fb67f159e6267d9c5fcc1,TRUE,mtg-sets\1993-1999\src\main\kotlin\com\wingedsheep\mtg\sets\definitions\leb\cards\LimitedEditionBetaBasicLands.kt,HAND_AUTHORED,FALSE,,SUPPORTED_DEFINITION_TEST_UNCLEAR,mana_source,MANA_SOURCE_SELECTION,FALSE,FALSE,FALSE,FALSE,FALSE,Audit source 31853cfe91b52718dc3fb67f159e6267d9c5fcc1; upstream d66a5d7f1b46b0ed8891c34ccfe163d491c4ff3d. Hand-authored definition; no exact ScenarioTest found.,
Akiri,13,Plains,bc71ebf6-2056-41f7-be35-b2e5c34afa99,LAND,,0,W,Basic Land — Plains,Scryfall oracle_id bc71ebf6-2056-41f7-be35-b2e5c34afa99; repository audit 31853cfe91b52718dc3fb67f159e6267d9c5fcc1,TRUE,mtg-sets\1993-1999\src\main\kotlin\com\wingedsheep\mtg\sets\definitions\leb\cards\LimitedEditionBetaBasicLands.kt,HAND_AUTHORED,FALSE,,SUPPORTED_DEFINITION_TEST_UNCLEAR,mana_source,MANA_SOURCE_SELECTION,FALSE,FALSE,FALSE,FALSE,FALSE,Audit source 31853cfe91b52718dc3fb67f159e6267d9c5fcc1; upstream d66a5d7f1b46b0ed8891c34ccfe163d491c4ff3d. Hand-authored definition; no exact ScenarioTest found.,
Akiri,14,Plains,bc71ebf6-2056-41f7-be35-b2e5c34afa99,LAND,,0,W,Basic Land — Plains,Scryfall oracle_id bc71ebf6-2056-41f7-be35-b2e5c34afa99; repository audit 31853cfe91b52718dc3fb67f159e6267d9c5fcc1,TRUE,mtg-sets\1993-1999\src\main\kotlin\com\wingedsheep\mtg\sets\definitions\leb\cards\LimitedEditionBetaBasicLands.kt,HAND_AUTHORED,FALSE,,SUPPORTED_DEFINITION_TEST_UNCLEAR,mana_source,MANA_SOURCE_SELECTION,FALSE,FALSE,FALSE,FALSE,FALSE,Audit source 31853cfe91b52718dc3fb67f159e6267d9c5fcc1; upstream d66a5d7f1b46b0ed8891c34ccfe163d491c4ff3d. Hand-authored definition; no exact ScenarioTest found.,
Akiri,15,Plains,bc71ebf6-2056-41f7-be35-b2e5c34afa99,LAND,,0,W,Basic Land — Plains,Scryfall oracle_id bc71ebf6-2056-41f7-be35-b2e5c34afa99; repository audit 31853cfe91b52718dc3fb67f159e6267d9c5fcc1,TRUE,mtg-sets\1993-1999\src\main\kotlin\com\wingedsheep\mtg\sets\definitions\leb\cards\LimitedEditionBetaBasicLands.kt,HAND_AUTHORED,FALSE,,SUPPORTED_DEFINITION_TEST_UNCLEAR,mana_source,MANA_SOURCE_SELECTION,FALSE,FALSE,FALSE,FALSE,FALSE,Audit source 31853cfe91b52718dc3fb67f159e6267d9c5fcc1; upstream d66a5d7f1b46b0ed8891c34ccfe163d491c4ff3d. Hand-authored definition; no exact ScenarioTest found.,
Akiri,16,Mountain,a3fb7228-e76b-4e96-a40e-20b5fed75685,LAND,,0,R,Basic Land — Mountain,Scryfall oracle_id a3fb7228-e76b-4e96-a40e-20b5fed75685; repository audit 31853cfe91b52718dc3fb67f159e6267d9c5fcc1,TRUE,mtg-sets\1993-1999\src\main\kotlin\com\wingedsheep\mtg\sets\definitions\arn\cards\Mountain.kt,HAND_AUTHORED,FALSE,,SUPPORTED_DEFINITION_TEST_UNCLEAR,mana_source,MANA_SOURCE_SELECTION,FALSE,FALSE,FALSE,FALSE,FALSE,Audit source 31853cfe91b52718dc3fb67f159e6267d9c5fcc1; upstream d66a5d7f1b46b0ed8891c34ccfe163d491c4ff3d. Hand-authored definition; no exact ScenarioTest found.,
Akiri,17,Mountain,a3fb7228-e76b-4e96-a40e-20b5fed75685,LAND,,0,R,Basic Land — Mountain,Scryfall oracle_id a3fb7228-e76b-4e96-a40e-20b5fed75685; repository audit 31853cfe91b52718dc3fb67f159e6267d9c5fcc1,TRUE,mtg-sets\1993-1999\src\main\kotlin\com\wingedsheep\mtg\sets\definitions\arn\cards\Mountain.kt,HAND_AUTHORED,FALSE,,SUPPORTED_DEFINITION_TEST_UNCLEAR,mana_source,MANA_SOURCE_SELECTION,FALSE,FALSE,FALSE,FALSE,FALSE,Audit source 31853cfe91b52718dc3fb67f159e6267d9c5fcc1; upstream d66a5d7f1b46b0ed8891c34ccfe163d491c4ff3d. Hand-authored definition; no exact ScenarioTest found.,
Akiri,18,Mountain,a3fb7228-e76b-4e96-a40e-20b5fed75685,LAND,,0,R,Basic Land — Mountain,Scryfall oracle_id a3fb7228-e76b-4e96-a40e-20b5fed75685; repository audit 31853cfe91b52718dc3fb67f159e6267d9c5fcc1,TRUE,mtg-sets\1993-1999\src\main\kotlin\com\wingedsheep\mtg\sets\definitions\arn\cards\Mountain.kt,HAND_AUTHORED,FALSE,,SUPPORTED_DEFINITION_TEST_UNCLEAR,mana_source,MANA_SOURCE_SELECTION,FALSE,FALSE,FALSE,FALSE,FALSE,Audit source 31853cfe91b52718dc3fb67f159e6267d9c5fcc1; upstream d66a5d7f1b46b0ed8891c34ccfe163d491c4ff3d. Hand-authored definition; no exact ScenarioTest found.,
Akiri,19,Mountain,a3fb7228-e76b-4e96-a40e-20b5fed75685,LAND,,0,R,Basic Land — Mountain,Scryfall oracle_id a3fb7228-e76b-4e96-a40e-20b5fed75685; repository audit 31853cfe91b52718dc3fb67f159e6267d9c5fcc1,TRUE,mtg-sets\1993-1999\src\main\kotlin\com\wingedsheep\mtg\sets\definitions\arn\cards\Mountain.kt,HAND_AUTHORED,FALSE,,SUPPORTED_DEFINITION_TEST_UNCLEAR,mana_source,MANA_SOURCE_SELECTION,FALSE,FALSE,FALSE,FALSE,FALSE,Audit source 31853cfe91b52718dc3fb67f159e6267d9c5fcc1; upstream d66a5d7f1b46b0ed8891c34ccfe163d491c4ff3d. Hand-authored definition; no exact ScenarioTest found.,
Akiri,20,Mountain,a3fb7228-e76b-4e96-a40e-20b5fed75685,LAND,,0,R,Basic Land — Mountain,Scryfall oracle_id a3fb7228-e76b-4e96-a40e-20b5fed75685; repository audit 31853cfe91b52718dc3fb67f159e6267d9c5fcc1,TRUE,mtg-sets\1993-1999\src\main\kotlin\com\wingedsheep\mtg\sets\definitions\arn\cards\Mountain.kt,HAND_AUTHORED,FALSE,,SUPPORTED_DEFINITION_TEST_UNCLEAR,mana_source,MANA_SOURCE_SELECTION,FALSE,FALSE,FALSE,FALSE,FALSE,Audit source 31853cfe91b52718dc3fb67f159e6267d9c5fcc1; upstream d66a5d7f1b46b0ed8891c34ccfe163d491c4ff3d. Hand-authored definition; no exact ScenarioTest found.,
Akiri,21,Mountain,a3fb7228-e76b-4e96-a40e-20b5fed75685,LAND,,0,R,Basic Land — Mountain,Scryfall oracle_id a3fb7228-e76b-4e96-a40e-20b5fed75685; repository audit 31853cfe91b52718dc3fb67f159e6267d9c5fcc1,TRUE,mtg-sets\1993-1999\src\main\kotlin\com\wingedsheep\mtg\sets\definitions\arn\cards\Mountain.kt,HAND_AUTHORED,FALSE,,SUPPORTED_DEFINITION_TEST_UNCLEAR,mana_source,MANA_SOURCE_SELECTION,FALSE,FALSE,FALSE,FALSE,FALSE,Audit source 31853cfe91b52718dc3fb67f159e6267d9c5fcc1; upstream d66a5d7f1b46b0ed8891c34ccfe163d491c4ff3d. Hand-authored definition; no exact ScenarioTest found.,
Akiri,22,Mountain,a3fb7228-e76b-4e96-a40e-20b5fed75685,LAND,,0,R,Basic Land — Mountain,Scryfall oracle_id a3fb7228-e76b-4e96-a40e-20b5fed75685; repository audit 31853cfe91b52718dc3fb67f159e6267d9c5fcc1,TRUE,mtg-sets\1993-1999\src\main\kotlin\com\wingedsheep\mtg\sets\definitions\arn\cards\Mountain.kt,HAND_AUTHORED,FALSE,,SUPPORTED_DEFINITION_TEST_UNCLEAR,mana_source,MANA_SOURCE_SELECTION,FALSE,FALSE,FALSE,FALSE,FALSE,Audit source 31853cfe91b52718dc3fb67f159e6267d9c5fcc1; upstream d66a5d7f1b46b0ed8891c34ccfe163d491c4ff3d. Hand-authored definition; no exact ScenarioTest found.,
Akiri,23,Mountain,a3fb7228-e76b-4e96-a40e-20b5fed75685,LAND,,0,R,Basic Land — Mountain,Scryfall oracle_id a3fb7228-e76b-4e96-a40e-20b5fed75685; repository audit 31853cfe91b52718dc3fb67f159e6267d9c5fcc1,TRUE,mtg-sets\1993-1999\src\main\kotlin\com\wingedsheep\mtg\sets\definitions\arn\cards\Mountain.kt,HAND_AUTHORED,FALSE,,SUPPORTED_DEFINITION_TEST_UNCLEAR,mana_source,MANA_SOURCE_SELECTION,FALSE,FALSE,FALSE,FALSE,FALSE,Audit source 31853cfe91b52718dc3fb67f159e6267d9c5fcc1; upstream d66a5d7f1b46b0ed8891c34ccfe163d491c4ff3d. Hand-authored definition; no exact ScenarioTest found.,
Akiri,24,Command Tower,0895c9b7-ae7d-4bb3-af17-3b75deb50a25,LAND,,0,,Land,Scryfall oracle_id 0895c9b7-ae7d-4bb3-af17-3b75deb50a25; repository audit 31853cfe91b52718dc3fb67f159e6267d9c5fcc1,TRUE,mtg-sets\2008-2016\src\main\kotlin\com\wingedsheep\mtg\sets\definitions\cmd\cards\CommandTower.kt,HAND_AUTHORED,FALSE,,SUPPORTED_DEFINITION_TEST_UNCLEAR,mana_source,MANA_SOURCE_SELECTION,FALSE,FALSE,FALSE,FALSE,FALSE,Audit source 31853cfe91b52718dc3fb67f159e6267d9c5fcc1; upstream d66a5d7f1b46b0ed8891c34ccfe163d491c4ff3d. Hand-authored definition; no exact ScenarioTest found.,
Akiri,25,Clifftop Retreat,d7faa3c8-46cf-46b2-bfa4-89000307cf18,LAND,,0,RW,Land,Scryfall oracle_id d7faa3c8-46cf-46b2-bfa4-89000307cf18; repository audit 31853cfe91b52718dc3fb67f159e6267d9c5fcc1,TRUE,mtg-sets\2017-2022\src\main\kotlin\com\wingedsheep\mtg\sets\definitions\dom\cards\ClifftopRetreat.kt,HAND_AUTHORED,FALSE,,SUPPORTED_DEFINITION_TEST_UNCLEAR,mana_source,MANA_SOURCE_SELECTION,FALSE,FALSE,FALSE,FALSE,FALSE,Audit source 31853cfe91b52718dc3fb67f159e6267d9c5fcc1; upstream d66a5d7f1b46b0ed8891c34ccfe163d491c4ff3d. Hand-authored definition; no exact ScenarioTest found.,
Akiri,26,Battlefield Forge,6b75b94e-83b7-457e-ac41-7ca90b5a59aa,LAND,,0,RW,Land,Scryfall oracle_id 6b75b94e-83b7-457e-ac41-7ca90b5a59aa; repository audit 31853cfe91b52718dc3fb67f159e6267d9c5fcc1,TRUE,mtg-sets\2000-2002\src\main\kotlin\com\wingedsheep\mtg\sets\definitions\apc\cards\BattlefieldForge.kt,HAND_AUTHORED,FALSE,,SUPPORTED_DEFINITION_TEST_UNCLEAR,mana_source,MANA_SOURCE_SELECTION,FALSE,FALSE,FALSE,FALSE,FALSE,Audit source 31853cfe91b52718dc3fb67f159e6267d9c5fcc1; upstream d66a5d7f1b46b0ed8891c34ccfe163d491c4ff3d. Hand-authored definition; no exact ScenarioTest found.,
Akiri,27,Inspiring Vantage,3f17c60e-923a-4392-9da8-87d9ded009b7,LAND,,0,RW,Land,Scryfall oracle_id 3f17c60e-923a-4392-9da8-87d9ded009b7; repository audit 31853cfe91b52718dc3fb67f159e6267d9c5fcc1,TRUE,mtg-sets\2008-2016\src\main\kotlin\com\wingedsheep\mtg\sets\definitions\kld\cards\InspiringVantage.kt,HAND_AUTHORED,FALSE,,SUPPORTED_DEFINITION_TEST_UNCLEAR,mana_source,MANA_SOURCE_SELECTION,FALSE,FALSE,FALSE,FALSE,FALSE,Audit source 31853cfe91b52718dc3fb67f159e6267d9c5fcc1; upstream d66a5d7f1b46b0ed8891c34ccfe163d491c4ff3d. Hand-authored definition; no exact ScenarioTest found.,
Akiri,28,Sacred Foundry,45181cb8-2090-4471-ba90-e5a8f04d525f,LAND,,0,RW,Land — Mountain Plains,Scryfall oracle_id 45181cb8-2090-4471-ba90-e5a8f04d525f; repository audit 31853cfe91b52718dc3fb67f159e6267d9c5fcc1,TRUE,mtg-sets\2003-2007\src\main\kotlin\com\wingedsheep\mtg\sets\definitions\rav\cards\SacredFoundry.kt,HAND_AUTHORED,FALSE,,SUPPORTED_DEFINITION_TEST_UNCLEAR,mana_source,MANA_SOURCE_SELECTION,FALSE,FALSE,FALSE,FALSE,FALSE,Audit source 31853cfe91b52718dc3fb67f159e6267d9c5fcc1; upstream d66a5d7f1b46b0ed8891c34ccfe163d491c4ff3d. Hand-authored definition; no exact ScenarioTest found.,
Akiri,29,Plains,bc71ebf6-2056-41f7-be35-b2e5c34afa99,LAND,,0,W,Basic Land — Plains,Scryfall oracle_id bc71ebf6-2056-41f7-be35-b2e5c34afa99; repository audit 31853cfe91b52718dc3fb67f159e6267d9c5fcc1,TRUE,mtg-sets\1993-1999\src\main\kotlin\com\wingedsheep\mtg\sets\definitions\leb\cards\LimitedEditionBetaBasicLands.kt,HAND_AUTHORED,FALSE,,SUPPORTED_DEFINITION_TEST_UNCLEAR,mana_source,MANA_SOURCE_SELECTION,FALSE,FALSE,FALSE,FALSE,FALSE,Audit source 31853cfe91b52718dc3fb67f159e6267d9c5fcc1; upstream d66a5d7f1b46b0ed8891c34ccfe163d491c4ff3d. Hand-authored definition; no exact ScenarioTest found. Friendly replacement of Ideal slot card: Spectator Seating.,Spectator Seating
Akiri,30,Mountain,a3fb7228-e76b-4e96-a40e-20b5fed75685,LAND,,0,R,Basic Land — Mountain,Scryfall oracle_id a3fb7228-e76b-4e96-a40e-20b5fed75685; repository audit 31853cfe91b52718dc3fb67f159e6267d9c5fcc1,TRUE,mtg-sets\1993-1999\src\main\kotlin\com\wingedsheep\mtg\sets\definitions\arn\cards\Mountain.kt,HAND_AUTHORED,FALSE,,SUPPORTED_DEFINITION_TEST_UNCLEAR,mana_source,MANA_SOURCE_SELECTION,FALSE,FALSE,FALSE,FALSE,FALSE,Audit source 31853cfe91b52718dc3fb67f159e6267d9c5fcc1; upstream d66a5d7f1b46b0ed8891c34ccfe163d491c4ff3d. Hand-authored definition; no exact ScenarioTest found. Friendly replacement of Ideal slot card: Rugged Prairie.,Rugged Prairie
Akiri,31,Temple of Triumph,6f0d94d9-64bb-4175-83bc-301e8f79f54f,LAND,,0,RW,Land,Scryfall oracle_id 6f0d94d9-64bb-4175-83bc-301e8f79f54f; repository audit 31853cfe91b52718dc3fb67f159e6267d9c5fcc1,TRUE,mtg-sets\2008-2016\src\main\kotlin\com\wingedsheep\mtg\sets\definitions\ths\cards\TempleOfTriumph.kt,GENERATED,FALSE,,SUPPORTED_DEFINITION_TEST_UNCLEAR,mana_source,MANA_SOURCE_SELECTION,FALSE,FALSE,FALSE,FALSE,FALSE,Audit source 31853cfe91b52718dc3fb67f159e6267d9c5fcc1; upstream d66a5d7f1b46b0ed8891c34ccfe163d491c4ff3d. Generated/predictive definition; card-specific conformance remains unproven.,
Akiri,32,Boros Garrison,8fa3ac81-3dfe-4565-be99-5554f7597b4b,LAND,,0,RW,Land,Scryfall oracle_id 8fa3ac81-3dfe-4565-be99-5554f7597b4b; repository audit 31853cfe91b52718dc3fb67f159e6267d9c5fcc1,TRUE,mtg-sets\2003-2007\src\main\kotlin\com\wingedsheep\mtg\sets\definitions\rav\cards\BorosGarrison.kt,HAND_AUTHORED,FALSE,,SUPPORTED_DEFINITION_TEST_UNCLEAR,mana_source,MANA_SOURCE_SELECTION,FALSE,FALSE,FALSE,FALSE,FALSE,Audit source 31853cfe91b52718dc3fb67f159e6267d9c5fcc1; upstream d66a5d7f1b46b0ed8891c34ccfe163d491c4ff3d. Hand-authored definition; no exact ScenarioTest found.,
Akiri,33,"Sunhome, Fortress of the Legion",a9f8344c-1705-4254-81d6-aa05e0c69c29,LAND,,0,RW,Land,Scryfall oracle_id a9f8344c-1705-4254-81d6-aa05e0c69c29; repository audit 31853cfe91b52718dc3fb67f159e6267d9c5fcc1,TRUE,mtg-sets\2003-2007\src\main\kotlin\com\wingedsheep\mtg\sets\definitions\rav\cards\SunhomeFortressOfTheLegion.kt,GENERATED,FALSE,,SUPPORTED_DEFINITION_TEST_UNCLEAR,mana_source,MANA_SOURCE_SELECTION,FALSE,FALSE,FALSE,FALSE,FALSE,Audit source 31853cfe91b52718dc3fb67f159e6267d9c5fcc1; upstream d66a5d7f1b46b0ed8891c34ccfe163d491c4ff3d. Generated/predictive definition; card-specific conformance remains unproven.,
Akiri,34,Slayers' Stronghold,2de7367b-a5a4-43f4-8f8f-b931ea28150d,LAND,,0,RW,Land,Scryfall oracle_id 2de7367b-a5a4-43f4-8f8f-b931ea28150d; repository audit 31853cfe91b52718dc3fb67f159e6267d9c5fcc1,TRUE,mtg-sets\2008-2016\src\main\kotlin\com\wingedsheep\mtg\sets\definitions\avr\cards\SlayersStronghold.kt,GENERATED,FALSE,,SUPPORTED_DEFINITION_TEST_UNCLEAR,mana_source,MANA_SOURCE_SELECTION,FALSE,FALSE,FALSE,FALSE,FALSE,Audit source 31853cfe91b52718dc3fb67f159e6267d9c5fcc1; upstream d66a5d7f1b46b0ed8891c34ccfe163d491c4ff3d. Generated/predictive definition; card-specific conformance remains unproven.,
Akiri,35,Plains,bc71ebf6-2056-41f7-be35-b2e5c34afa99,LAND,,0,W,Basic Land — Plains,Scryfall oracle_id bc71ebf6-2056-41f7-be35-b2e5c34afa99; repository audit 31853cfe91b52718dc3fb67f159e6267d9c5fcc1,TRUE,mtg-sets\1993-1999\src\main\kotlin\com\wingedsheep\mtg\sets\definitions\leb\cards\LimitedEditionBetaBasicLands.kt,HAND_AUTHORED,FALSE,,SUPPORTED_DEFINITION_TEST_UNCLEAR,mana_source,MANA_SOURCE_SELECTION,FALSE,FALSE,FALSE,FALSE,FALSE,Audit source 31853cfe91b52718dc3fb67f159e6267d9c5fcc1; upstream d66a5d7f1b46b0ed8891c34ccfe163d491c4ff3d. Hand-authored definition; no exact ScenarioTest found. Friendly replacement of Ideal slot card: Buried Ruin.,Buried Ruin
Akiri,36,Mountain,a3fb7228-e76b-4e96-a40e-20b5fed75685,LAND,,0,R,Basic Land — Mountain,Scryfall oracle_id a3fb7228-e76b-4e96-a40e-20b5fed75685; repository audit 31853cfe91b52718dc3fb67f159e6267d9c5fcc1,TRUE,mtg-sets\1993-1999\src\main\kotlin\com\wingedsheep\mtg\sets\definitions\arn\cards\Mountain.kt,HAND_AUTHORED,FALSE,,SUPPORTED_DEFINITION_TEST_UNCLEAR,mana_source,MANA_SOURCE_SELECTION,FALSE,FALSE,FALSE,FALSE,FALSE,Audit source 31853cfe91b52718dc3fb67f159e6267d9c5fcc1; upstream d66a5d7f1b46b0ed8891c34ccfe163d491c4ff3d. Hand-authored definition; no exact ScenarioTest found. Friendly replacement of Ideal slot card: War Room.,War Room
Akiri,37,Plains,bc71ebf6-2056-41f7-be35-b2e5c34afa99,LAND,,0,W,Basic Land — Plains,Scryfall oracle_id bc71ebf6-2056-41f7-be35-b2e5c34afa99; repository audit 31853cfe91b52718dc3fb67f159e6267d9c5fcc1,TRUE,mtg-sets\1993-1999\src\main\kotlin\com\wingedsheep\mtg\sets\definitions\leb\cards\LimitedEditionBetaBasicLands.kt,HAND_AUTHORED,FALSE,,SUPPORTED_DEFINITION_TEST_UNCLEAR,mana_source,MANA_SOURCE_SELECTION,FALSE,FALSE,FALSE,FALSE,FALSE,Audit source 31853cfe91b52718dc3fb67f159e6267d9c5fcc1; upstream d66a5d7f1b46b0ed8891c34ccfe163d491c4ff3d. Hand-authored definition; no exact ScenarioTest found. Friendly replacement of Ideal slot card: Bonders' Enclave.,Bonders' Enclave
Akiri,38,"Sram, Senior Edificer",7e00b0cd-d212-4604-ba07-da21f4fe00b0,CREATURE_THREAT,COMBAT|CARD_ADVANTAGE,2,W,Legendary Creature — Dwarf Advisor,Scryfall oracle_id 7e00b0cd-d212-4604-ba07-da21f4fe00b0; repository audit 31853cfe91b52718dc3fb67f159e6267d9c5fcc1,FALSE,,UNKNOWN,FALSE,,CARD_DEFINITION_MISSING,cast_trigger|combat|draw|equipment,ATTACK|BLOCK|CARD_SELECTION|DAMAGE_ASSIGNMENT|PRIORITY_ACTION,FALSE,FALSE,FALSE,FALSE,FALSE,Audit source 31853cfe91b52718dc3fb67f159e6267d9c5fcc1; upstream d66a5d7f1b46b0ed8891c34ccfe163d491c4ff3d. No executable CardDefinition path found in current source index.,
Akiri,39,Puresteel Paladin,74a62c7b-4753-4af2-b7a1-9a4ae8988801,CREATURE_THREAT,COMBAT|CARD_ADVANTAGE,2,W,Creature — Human Knight,Scryfall oracle_id 74a62c7b-4753-4af2-b7a1-9a4ae8988801; repository audit 31853cfe91b52718dc3fb67f159e6267d9c5fcc1,FALSE,,UNKNOWN,FALSE,,CARD_DEFINITION_MISSING,combat|draw|equip_cost_reduction|equipment|metalcraft,ATTACK|BLOCK|CARD_SELECTION|DAMAGE_ASSIGNMENT|PRIORITY_ACTION,FALSE,FALSE,FALSE,FALSE,FALSE,Audit source 31853cfe91b52718dc3fb67f159e6267d9c5fcc1; upstream d66a5d7f1b46b0ed8891c34ccfe163d491c4ff3d. No executable CardDefinition path found in current source index.,
Akiri,40,Stoneforge Mystic,358789f9-7d87-411d-919e-d597da665cbd,CREATURE_THREAT,COMBAT|TUTOR,2,W,Creature — Kor Artificer,Scryfall oracle_id 358789f9-7d87-411d-919e-d597da665cbd; repository audit 31853cfe91b52718dc3fb67f159e6267d9c5fcc1,FALSE,,UNKNOWN,FALSE,,CARD_DEFINITION_MISSING,combat|equipment|etb|put_onto_battlefield|search,ATTACK|BLOCK|DAMAGE_ASSIGNMENT|PRIORITY_ACTION|SEARCH,FALSE,FALSE,FALSE,TRUE,FALSE,Audit source 31853cfe91b52718dc3fb67f159e6267d9c5fcc1; upstream d66a5d7f1b46b0ed8891c34ccfe163d491c4ff3d. No executable CardDefinition path found in current source index.,
Akiri,41,"Ardenn, Intrepid Archaeologist",7c521612-21c6-4c4b-b10e-66e70928609b,CREATURE_THREAT,COMBAT|EQUIPMENT,3,W,Legendary Creature — Kor Scout,Scryfall oracle_id 7c521612-21c6-4c4b-b10e-66e70928609b; repository audit 31853cfe91b52718dc3fb67f159e6267d9c5fcc1,FALSE,,UNKNOWN,FALSE,,CARD_DEFINITION_MISSING,combat|equipment_attachment|upkeep_trigger,ATTACK|BLOCK|DAMAGE_ASSIGNMENT|PRIORITY_ACTION,FALSE,FALSE,FALSE,FALSE,FALSE,Audit source 31853cfe91b52718dc3fb67f159e6267d9c5fcc1; upstream d66a5d7f1b46b0ed8891c34ccfe163d491c4ff3d. No executable CardDefinition path found in current source index.,
Akiri,42,Bruenor Battlehammer,ea7de96f-db69-421d-a951-ffaeac140379,CREATURE_THREAT,COMBAT|EQUIPMENT,4,RW,Legendary Creature — Dwarf Warrior,Scryfall oracle_id ea7de96f-db69-421d-a951-ffaeac140379; repository audit 31853cfe91b52718dc3fb67f159e6267d9c5fcc1,FALSE,,UNKNOWN,FALSE,,CARD_DEFINITION_MISSING,combat|equip_cost_reduction|equipment,ATTACK|BLOCK|DAMAGE_ASSIGNMENT|PRIORITY_ACTION,FALSE,FALSE,FALSE,FALSE,FALSE,Audit source 31853cfe91b52718dc3fb67f159e6267d9c5fcc1; upstream d66a5d7f1b46b0ed8891c34ccfe163d491c4ff3d. No executable CardDefinition path found in current source index.,
Akiri,43,"Danitha Capashen, Paragon",4b6377da-83e7-4519-9582-16a9c16b8faa,CREATURE_THREAT,COMBAT|EQUIPMENT,3,W,Legendary Creature — Human Knight,Scryfall oracle_id 4b6377da-83e7-4519-9582-16a9c16b8faa; repository audit 31853cfe91b52718dc3fb67f159e6267d9c5fcc1,TRUE,mtg-sets\2017-2022\src\main\kotlin\com\wingedsheep\mtg\sets\definitions\dom\cards\DanithaCapashenParagon.kt,HAND_AUTHORED,FALSE,,SUPPORTED_DEFINITION_TEST_UNCLEAR,combat,ATTACK|BLOCK|DAMAGE_ASSIGNMENT|PRIORITY_ACTION,FALSE,FALSE,FALSE,FALSE,FALSE,Audit source 31853cfe91b52718dc3fb67f159e6267d9c5fcc1; upstream d66a5d7f1b46b0ed8891c34ccfe163d491c4ff3d. Hand-authored definition; no exact ScenarioTest found.,
Akiri,44,Armored Skyhunter,b4dbbf56-d7df-4183-bb48-cfc6b4d0468f,CREATURE_THREAT,COMBAT|EQUIPMENT,4,W,Creature — Cat Knight,Scryfall oracle_id b4dbbf56-d7df-4183-bb48-cfc6b4d0468f; repository audit 31853cfe91b52718dc3fb67f159e6267d9c5fcc1,FALSE,,UNKNOWN,FALSE,,CARD_DEFINITION_MISSING,attack_trigger|card_selection|combat|equipment_attachment,ATTACK|BLOCK|DAMAGE_ASSIGNMENT|PRIORITY_ACTION,FALSE,FALSE,FALSE,FALSE,FALSE,Audit source 31853cfe91b52718dc3fb67f159e6267d9c5fcc1; upstream d66a5d7f1b46b0ed8891c34ccfe163d491c4ff3d. No executable CardDefinition path found in current source index.,
Akiri,45,"Wyleth, Soul of Steel",35bef4d3-4473-4265-86b0-f1393c82fd1d,CREATURE_THREAT,COMBAT|CARD_ADVANTAGE,3,RW,Legendary Creature — Human Warrior,Scryfall oracle_id 35bef4d3-4473-4265-86b0-f1393c82fd1d; repository audit 31853cfe91b52718dc3fb67f159e6267d9c5fcc1,TRUE,mtg-sets\2017-2022\src\main\kotlin\com\wingedsheep\mtg\sets\definitions\cmr\cards\WylethSoulOfSteel.kt,GENERATED,FALSE,,SUPPORTED_DEFINITION_TEST_UNCLEAR,attack_trigger|combat|draw|equipment_attachment|trample,ATTACK|BLOCK|CARD_SELECTION|DAMAGE_ASSIGNMENT|PRIORITY_ACTION,FALSE,FALSE,FALSE,FALSE,FALSE,Audit source 31853cfe91b52718dc3fb67f159e6267d9c5fcc1; upstream d66a5d7f1b46b0ed8891c34ccfe163d491c4ff3d. Generated/predictive definition; card-specific conformance remains unproven.,
Akiri,46,"Reyav, Master Smith",d1fc2549-40d5-41c8-b3ab-07ea13e9381d,CREATURE_THREAT,COMBAT|EQUIPMENT,2,RW,Legendary Creature — Dwarf Artificer,Scryfall oracle_id d1fc2549-40d5-41c8-b3ab-07ea13e9381d; repository audit 31853cfe91b52718dc3fb67f159e6267d9c5fcc1,FALSE,,UNKNOWN,FALSE,,CARD_DEFINITION_MISSING,attack_trigger|combat|double_strike,ATTACK|BLOCK|DAMAGE_ASSIGNMENT|PRIORITY_ACTION,FALSE,FALSE,FALSE,FALSE,FALSE,Audit source 31853cfe91b52718dc3fb67f159e6267d9c5fcc1; upstream d66a5d7f1b46b0ed8891c34ccfe163d491c4ff3d. No executable CardDefinition path found in current source index.,
Akiri,47,Fervent Champion,8de50bda-1ef6-4ccf-9efc-fab10b7eb2e5,CREATURE_THREAT,COMBAT|EQUIPMENT,1,R,Creature — Human Knight,Scryfall oracle_id 8de50bda-1ef6-4ccf-9efc-fab10b7eb2e5; repository audit 31853cfe91b52718dc3fb67f159e6267d9c5fcc1,FALSE,,UNKNOWN,FALSE,,CARD_DEFINITION_MISSING,combat|equip_cost_reduction|first_strike|haste,ATTACK|BLOCK|DAMAGE_ASSIGNMENT|PRIORITY_ACTION,FALSE,FALSE,FALSE,FALSE,FALSE,Audit source 31853cfe91b52718dc3fb67f159e6267d9c5fcc1; upstream d66a5d7f1b46b0ed8891c34ccfe163d491c4ff3d. No executable CardDefinition path found in current source index.,
Akiri,48,Kor Blademaster,194260af-aba5-4d18-a69b-eedb97ed4a4b,CREATURE_THREAT,COMBAT|EQUIPMENT,2,W,Creature — Kor Warrior,Scryfall oracle_id 194260af-aba5-4d18-a69b-eedb97ed4a4b; repository audit 31853cfe91b52718dc3fb67f159e6267d9c5fcc1,FALSE,,UNKNOWN,FALSE,,CARD_DEFINITION_MISSING,combat|double_strike|equip|equipment,ATTACK|BLOCK|DAMAGE_ASSIGNMENT|PRIORITY_ACTION,FALSE,FALSE,FALSE,FALSE,FALSE,Audit source 31853cfe91b52718dc3fb67f159e6267d9c5fcc1; upstream d66a5d7f1b46b0ed8891c34ccfe163d491c4ff3d. No executable CardDefinition path found in current source index.,
Akiri,49,Leonin Shikari,857d94f7-113c-45a4-a88a-5d087347d57f,CREATURE_THREAT,COMBAT|EQUIPMENT,2,W,Creature — Cat Soldier,Scryfall oracle_id 857d94f7-113c-45a4-a88a-5d087347d57f; repository audit 31853cfe91b52718dc3fb67f159e6267d9c5fcc1,FALSE,,UNKNOWN,FALSE,,CARD_DEFINITION_MISSING,combat|equipment_attachment|instant_speed_equip,ATTACK|BLOCK|DAMAGE_ASSIGNMENT|PRIORITY_ACTION,FALSE,FALSE,FALSE,FALSE,FALSE,Audit source 31853cfe91b52718dc3fb67f159e6267d9c5fcc1; upstream d66a5d7f1b46b0ed8891c34ccfe163d491c4ff3d. No executable CardDefinition path found in current source index.,
Akiri,50,Brass Squire,5a10c3a5-6724-4e5a-ae4f-b27dde12735a,CREATURE_THREAT,COMBAT|EQUIPMENT,3,,Artifact Creature — Myr,Scryfall oracle_id 5a10c3a5-6724-4e5a-ae4f-b27dde12735a; repository audit 31853cfe91b52718dc3fb67f159e6267d9c5fcc1,FALSE,,UNKNOWN,FALSE,,CARD_DEFINITION_MISSING,activated_ability|combat|equipment_attachment,ATTACK|BLOCK|DAMAGE_ASSIGNMENT|PRIORITY_ACTION,FALSE,FALSE,FALSE,FALSE,FALSE,Audit source 31853cfe91b52718dc3fb67f159e6267d9c5fcc1; upstream d66a5d7f1b46b0ed8891c34ccfe163d491c4ff3d. No executable CardDefinition path found in current source index.,
Akiri,51,Stone Haven Outfitter,8e646a6b-77ba-4f7d-8ee9-b0b084453f77,CREATURE_THREAT,COMBAT|EQUIPMENT,2,W,Creature — Kor Artificer Ally,Scryfall oracle_id 8e646a6b-77ba-4f7d-8ee9-b0b084453f77; repository audit 31853cfe91b52718dc3fb67f159e6267d9c5fcc1,FALSE,,UNKNOWN,FALSE,,CARD_DEFINITION_MISSING,combat|dies_trigger|draw|plus_one_counter,ATTACK|BLOCK|DAMAGE_ASSIGNMENT|PRIORITY_ACTION,FALSE,FALSE,FALSE,FALSE,FALSE,Audit source 31853cfe91b52718dc3fb67f159e6267d9c5fcc1; upstream d66a5d7f1b46b0ed8891c34ccfe163d491c4ff3d. No executable CardDefinition path found in current source index.,
Akiri,52,Auriok Steelshaper,e3ee8b0e-9bdc-4b9a-b4f9-59189dd6a80d,CREATURE_THREAT,COMBAT|EQUIPMENT,2,W,Creature — Human Soldier,Scryfall oracle_id e3ee8b0e-9bdc-4b9a-b4f9-59189dd6a80d; repository audit 31853cfe91b52718dc3fb67f159e6267d9c5fcc1,TRUE,mtg-sets\2003-2007\src\main\kotlin\com\wingedsheep\mtg\sets\definitions\mrd\cards\AuriokSteelshaper.kt,HAND_AUTHORED,FALSE,,SUPPORTED_DEFINITION_TEST_UNCLEAR,combat|equip_cost_reduction|equipment|static_ability,ATTACK|BLOCK|DAMAGE_ASSIGNMENT|PRIORITY_ACTION,FALSE,FALSE,FALSE,FALSE,FALSE,Audit source 31853cfe91b52718dc3fb67f159e6267d9c5fcc1; upstream d66a5d7f1b46b0ed8891c34ccfe163d491c4ff3d. Hand-authored definition; no exact ScenarioTest found.,
Akiri,53,"Kemba, Kha Regent",499d5801-0c56-40f2-9a46-77025ed6cb87,CREATURE_THREAT,COMBAT|EQUIPMENT,3,W,Legendary Creature — Cat Cleric,Scryfall oracle_id 499d5801-0c56-40f2-9a46-77025ed6cb87; repository audit 31853cfe91b52718dc3fb67f159e6267d9c5fcc1,FALSE,,UNKNOWN,FALSE,,CARD_DEFINITION_MISSING,combat|equipment|token_creation|upkeep_trigger,ATTACK|BLOCK|DAMAGE_ASSIGNMENT|PRIORITY_ACTION,FALSE,FALSE,FALSE,FALSE,FALSE,Audit source 31853cfe91b52718dc3fb67f159e6267d9c5fcc1; upstream d66a5d7f1b46b0ed8891c34ccfe163d491c4ff3d. No executable CardDefinition path found in current source index.,
Akiri,54,"Balan, Wandering Knight",d12cfd46-73c2-4206-9a10-0d2e7d6ac87e,CREATURE_THREAT,COMBAT|EQUIPMENT,4,W,Legendary Creature — Cat Knight,Scryfall oracle_id d12cfd46-73c2-4206-9a10-0d2e7d6ac87e; repository audit 31853cfe91b52718dc3fb67f159e6267d9c5fcc1,FALSE,,UNKNOWN,FALSE,,CARD_DEFINITION_MISSING,combat|equipment_attachment,ATTACK|BLOCK|DAMAGE_ASSIGNMENT|PRIORITY_ACTION,FALSE,FALSE,FALSE,FALSE,FALSE,Audit source 31853cfe91b52718dc3fb67f159e6267d9c5fcc1; upstream d66a5d7f1b46b0ed8891c34ccfe163d491c4ff3d. No executable CardDefinition path found in current source index.,
Akiri,55,"Astor, Bearer of Blades",196962f0-6aff-4198-9e0c-eaf42aeaf147,CREATURE_THREAT,COMBAT|EQUIPMENT,4,RW,Legendary Creature — Human Warrior,Scryfall oracle_id 196962f0-6aff-4198-9e0c-eaf42aeaf147; repository audit 31853cfe91b52718dc3fb67f159e6267d9c5fcc1,FALSE,,UNKNOWN,FALSE,,CARD_DEFINITION_MISSING,card_selection|combat|equip_cost_reduction|etb,ATTACK|BLOCK|DAMAGE_ASSIGNMENT|PRIORITY_ACTION,FALSE,FALSE,FALSE,FALSE,FALSE,Audit source 31853cfe91b52718dc3fb67f159e6267d9c5fcc1; upstream d66a5d7f1b46b0ed8891c34ccfe163d491c4ff3d. No executable CardDefinition path found in current source index.,
Akiri,56,Mirran Crusader,fe69d9bd-2a60-4b33-a0d8-1ca18c2b6705,CREATURE_THREAT,COMBAT,3,W,Creature — Human Knight,Scryfall oracle_id fe69d9bd-2a60-4b33-a0d8-1ca18c2b6705; repository audit 31853cfe91b52718dc3fb67f159e6267d9c5fcc1,FALSE,,UNKNOWN,FALSE,,CARD_DEFINITION_MISSING,combat,ATTACK|BLOCK|DAMAGE_ASSIGNMENT|PRIORITY_ACTION,FALSE,FALSE,FALSE,FALSE,FALSE,Audit source 31853cfe91b52718dc3fb67f159e6267d9c5fcc1; upstream d66a5d7f1b46b0ed8891c34ccfe163d491c4ff3d. No executable CardDefinition path found in current source index.,
Akiri,57,Selfless Spirit,71d785a9-ddc8-472e-a778-a551b444a4bd,CREATURE_THREAT,COMBAT|PROTECTION,2,W,Creature — Spirit Cleric,Scryfall oracle_id 71d785a9-ddc8-472e-a778-a551b444a4bd; repository audit 31853cfe91b52718dc3fb67f159e6267d9c5fcc1,FALSE,,UNKNOWN,FALSE,,CARD_DEFINITION_MISSING,combat|sacrifice_as_cost|temporary_indestructible,ATTACK|BLOCK|DAMAGE_ASSIGNMENT|PAYMENT|PRIORITY_ACTION,FALSE,FALSE,FALSE,FALSE,FALSE,Audit source 31853cfe91b52718dc3fb67f159e6267d9c5fcc1; upstream d66a5d7f1b46b0ed8891c34ccfe163d491c4ff3d. No executable CardDefinition path found in current source index.,
Akiri,58,Mother of Runes,60433b48-d27f-413c-905c-43839b1943f1,CREATURE_THREAT,COMBAT|PROTECTION,1,W,Creature — Human Cleric,Scryfall oracle_id 60433b48-d27f-413c-905c-43839b1943f1; repository audit 31853cfe91b52718dc3fb67f159e6267d9c5fcc1,FALSE,,UNKNOWN,FALSE,,CARD_DEFINITION_MISSING,activated_ability|combat|protection,ATTACK|BLOCK|DAMAGE_ASSIGNMENT|PRIORITY_ACTION,FALSE,FALSE,FALSE,FALSE,FALSE,Audit source 31853cfe91b52718dc3fb67f159e6267d9c5fcc1; upstream d66a5d7f1b46b0ed8891c34ccfe163d491c4ff3d. No executable CardDefinition path found in current source index.,
Akiri,59,Skyclave Apparition,d90af00a-d322-4265-9954-7b1e80702e18,CREATURE_THREAT,COMBAT|REMOVAL,3,W,Creature — Kor Spirit,Scryfall oracle_id d90af00a-d322-4265-9954-7b1e80702e18; repository audit 31853cfe91b52718dc3fb67f159e6267d9c5fcc1,FALSE,,UNKNOWN,FALSE,,CARD_DEFINITION_MISSING,combat|etb|exile|target_selection,ATTACK|BLOCK|DAMAGE_ASSIGNMENT|PRIORITY_ACTION|TARGET,FALSE,FALSE,FALSE,FALSE,FALSE,Audit source 31853cfe91b52718dc3fb67f159e6267d9c5fcc1; upstream d66a5d7f1b46b0ed8891c34ccfe163d491c4ff3d. No executable CardDefinition path found in current source index.,
Akiri,60,Loran of the Third Path,b3d81980-76f2-44e2-b1c9-01e30c726312,CREATURE_THREAT,COMBAT|REMOVAL,3,W,Legendary Creature — Human Artificer,Scryfall oracle_id b3d81980-76f2-44e2-b1c9-01e30c726312; repository audit 31853cfe91b52718dc3fb67f159e6267d9c5fcc1,FALSE,,UNKNOWN,FALSE,,CARD_DEFINITION_MISSING,artifact_enchantment_removal|combat|draw|etb,ATTACK|BLOCK|DAMAGE_ASSIGNMENT|PRIORITY_ACTION|TARGET,FALSE,FALSE,FALSE,FALSE,FALSE,Audit source 31853cfe91b52718dc3fb67f159e6267d9c5fcc1; upstream d66a5d7f1b46b0ed8891c34ccfe163d491c4ff3d. No executable CardDefinition path found in current source index.,
Akiri,61,Sun Titan,b2e950fb-cb7e-40a0-a311-5bbdd0477b29,CREATURE_THREAT,COMBAT|RECURSION,6,W,Creature — Giant,Scryfall oracle_id b2e950fb-cb7e-40a0-a311-5bbdd0477b29; repository audit 31853cfe91b52718dc3fb67f159e6267d9c5fcc1,FALSE,,UNKNOWN,FALSE,,CARD_DEFINITION_MISSING,attack_trigger|combat|etb|graveyard_recursion,ATTACK|BLOCK|DAMAGE_ASSIGNMENT|PRIORITY_ACTION,FALSE,FALSE,FALSE,FALSE,FALSE,Audit source 31853cfe91b52718dc3fb67f159e6267d9c5fcc1; upstream d66a5d7f1b46b0ed8891c34ccfe163d491c4ff3d. No executable CardDefinition path found in current source index.,
Akiri,62,Bonesplitter,452e3f5f-ce17-4682-966b-5cc100210aee,EQUIPMENT,COMBAT,1,,Artifact — Equipment,Scryfall oracle_id 452e3f5f-ce17-4682-966b-5cc100210aee; repository audit 31853cfe91b52718dc3fb67f159e6267d9c5fcc1,TRUE,mtg-sets\2003-2007\src\main\kotlin\com\wingedsheep\mtg\sets\definitions\mrd\cards\Bonesplitter.kt,GENERATED,FALSE,,SUPPORTED_AND_TESTED,attachment_state|equip|equipment,PAYMENT|PRIORITY_ACTION|TARGET,FALSE,FALSE,FALSE,FALSE,FALSE,Audit source 31853cfe91b52718dc3fb67f159e6267d9c5fcc1; upstream d66a5d7f1b46b0ed8891c34ccfe163d491c4ff3d. Generated/predictive definition; BonesplitterScenarioTest proves equip, +2/+0, and coherent re-equipment.,
Akiri,63,Swiftfoot Boots,c8b143ad-43ec-4e0d-a440-e348daa31391,EQUIPMENT,COMBAT,2,,Artifact — Equipment,Scryfall oracle_id c8b143ad-43ec-4e0d-a440-e348daa31391; repository audit 31853cfe91b52718dc3fb67f159e6267d9c5fcc1,TRUE,mtg-sets\2008-2016\src\main\kotlin\com\wingedsheep\mtg\sets\definitions\m12\cards\SwiftfootBoots.kt,GENERATED,FALSE,,SUPPORTED_DEFINITION_TEST_UNCLEAR,attachment_state|equip|equipment,PAYMENT|PRIORITY_ACTION|TARGET,FALSE,FALSE,FALSE,FALSE,FALSE,Audit source 31853cfe91b52718dc3fb67f159e6267d9c5fcc1; upstream d66a5d7f1b46b0ed8891c34ccfe163d491c4ff3d. Generated/predictive definition; card-specific conformance remains unproven.,
Akiri,64,Lightning Greaves,ca204b66-8d0c-431a-8d34-282f7c2d17da,EQUIPMENT,COMBAT,2,,Artifact — Equipment,Scryfall oracle_id ca204b66-8d0c-431a-8d34-282f7c2d17da; repository audit 31853cfe91b52718dc3fb67f159e6267d9c5fcc1,TRUE,mtg-sets\2003-2007\src\main\kotlin\com\wingedsheep\mtg\sets\definitions\mrd\cards\LightningGreaves.kt,GENERATED,FALSE,,SUPPORTED_DEFINITION_TEST_UNCLEAR,attachment_state|equip|equipment,PAYMENT|PRIORITY_ACTION|TARGET,FALSE,FALSE,FALSE,FALSE,FALSE,Audit source 31853cfe91b52718dc3fb67f159e6267d9c5fcc1; upstream d66a5d7f1b46b0ed8891c34ccfe163d491c4ff3d. Generated/predictive definition; card-specific conformance remains unproven.,
Akiri,65,Sword of the Animist,d79cbc61-6c15-48ea-bbba-3cffb819ccba,EQUIPMENT,COMBAT,2,,Legendary Artifact — Equipment,Scryfall oracle_id d79cbc61-6c15-48ea-bbba-3cffb819ccba; repository audit 31853cfe91b52718dc3fb67f159e6267d9c5fcc1,FALSE,,UNKNOWN,FALSE,,CARD_DEFINITION_MISSING,attachment_state|attack_trigger|equip|equipment|search|shuffle,PAYMENT|PRIORITY_ACTION|SEARCH|TARGET,FALSE,FALSE,FALSE,FALSE,FALSE,Audit source 31853cfe91b52718dc3fb67f159e6267d9c5fcc1; upstream d66a5d7f1b46b0ed8891c34ccfe163d491c4ff3d. No executable CardDefinition path found in current source index.,
Akiri,66,Mask of Memory,d6b2c998-a226-426c-a40d-6e6007041bfe,EQUIPMENT,COMBAT,2,,Artifact — Equipment,Scryfall oracle_id d6b2c998-a226-426c-a40d-6e6007041bfe; repository audit 31853cfe91b52718dc3fb67f159e6267d9c5fcc1,TRUE,mtg-sets\2003-2007\src\main\kotlin\com\wingedsheep\mtg\sets\definitions\mrd\cards\MaskOfMemory.kt,HAND_AUTHORED,TRUE,mtg-sets\2003-2007\tests\src\test\kotlin\com\wingedsheep\engine\scenarios\MaskOfMemoryScenarioTest.kt,SUPPORTED_AND_TESTED,attachment_state|combat_damage_trigger|discard|draw|equip|equipment,CARD_SELECTION|PAYMENT|PRIORITY_ACTION|TARGET,FALSE,FALSE,FALSE,FALSE,FALSE,Audit source 31853cfe91b52718dc3fb67f159e6267d9c5fcc1; upstream d66a5d7f1b46b0ed8891c34ccfe163d491c4ff3d. Hand-authored definition with exact ScenarioTest.,
Akiri,67,Vulshok Morningstar,12a8adc4-927f-4314-b2ef-9c647ace68d5,EQUIPMENT,COMBAT,2,,Artifact — Equipment,Scryfall oracle_id 12a8adc4-927f-4314-b2ef-9c647ace68d5; repository audit 31853cfe91b52718dc3fb67f159e6267d9c5fcc1,TRUE,mtg-sets\2003-2007\src\main\kotlin\com\wingedsheep\mtg\sets\definitions\dst\cards\VulshokMorningstar.kt,GENERATED,FALSE,,SUPPORTED_DEFINITION_TEST_UNCLEAR,attachment_state|equip|equipment|static_ability,PAYMENT|PRIORITY_ACTION|TARGET,FALSE,FALSE,FALSE,FALSE,FALSE,Audit source 31853cfe91b52718dc3fb67f159e6267d9c5fcc1; upstream d66a5d7f1b46b0ed8891c34ccfe163d491c4ff3d. Generated/predictive definition; card-specific conformance remains unproven. Friendly replacement of Ideal slot card: Maul of the Skyclaves.,Maul of the Skyclaves
Akiri,68,Basilisk Collar,f5f4dd28-f4ae-4d39-b9b8-6ebfd63c93fe,EQUIPMENT,COMBAT,1,,Artifact — Equipment,Scryfall oracle_id f5f4dd28-f4ae-4d39-b9b8-6ebfd63c93fe; repository audit 31853cfe91b52718dc3fb67f159e6267d9c5fcc1,TRUE,mtg-sets\2008-2016\src\main\kotlin\com\wingedsheep\mtg\sets\definitions\wwk\cards\BasiliskCollar.kt,HAND_AUTHORED,FALSE,,SUPPORTED_AND_TESTED,attachment_state|equip|equipment,PAYMENT|PRIORITY_ACTION|TARGET,FALSE,FALSE,FALSE,FALSE,FALSE,Audit source 31853cfe91b52718dc3fb67f159e6267d9c5fcc1; upstream d66a5d7f1b46b0ed8891c34ccfe163d491c4ff3d. Hand-authored definition; BasiliskCollarScenarioTest proves equip and both granted keywords.,
Akiri,69,Fireshrieker,a02e1ca7-23c5-41e3-a744-72fc9e9dd8ba,EQUIPMENT,COMBAT,3,,Artifact — Equipment,Scryfall oracle_id a02e1ca7-23c5-41e3-a744-72fc9e9dd8ba; repository audit 31853cfe91b52718dc3fb67f159e6267d9c5fcc1,TRUE,mtg-sets\2003-2007\src\main\kotlin\com\wingedsheep\mtg\sets\definitions\mrd\cards\Fireshrieker.kt,GENERATED,FALSE,,SUPPORTED_AND_TESTED,attachment_state|equip|equipment,PAYMENT|PRIORITY_ACTION|TARGET,FALSE,FALSE,FALSE,FALSE,FALSE,Audit source 31853cfe91b52718dc3fb67f159e6267d9c5fcc1; upstream d66a5d7f1b46b0ed8891c34ccfe163d491c4ff3d. Generated/predictive definition; FireshriekerScenarioTest proves equip and double strike.,
Akiri,70,Shadowspear,8b27326f-e7b8-4a4d-b589-df459246d19a,EQUIPMENT,COMBAT,1,,Legendary Artifact — Equipment,Scryfall oracle_id 8b27326f-e7b8-4a4d-b589-df459246d19a; repository audit 31853cfe91b52718dc3fb67f159e6267d9c5fcc1,FALSE,,UNKNOWN,FALSE,,CARD_DEFINITION_MISSING,attachment_state|equip|equipment,PAYMENT|PRIORITY_ACTION|TARGET,FALSE,FALSE,FALSE,FALSE,FALSE,Audit source 31853cfe91b52718dc3fb67f159e6267d9c5fcc1; upstream d66a5d7f1b46b0ed8891c34ccfe163d491c4ff3d. No executable CardDefinition path found in current source index.,
Akiri,71,Loxodon Warhammer,dba35ac5-7ad3-488a-a006-6b9a1d54eea5,EQUIPMENT,COMBAT,3,,Artifact — Equipment,Scryfall oracle_id dba35ac5-7ad3-488a-a006-6b9a1d54eea5; repository audit 31853cfe91b52718dc3fb67f159e6267d9c5fcc1,TRUE,mtg-sets\2003-2007\src\main\kotlin\com\wingedsheep\mtg\sets\definitions\mrd\cards\LoxodonWarhammer.kt,GENERATED,FALSE,,SUPPORTED_DEFINITION_TEST_UNCLEAR,attachment_state|equip|equipment,PAYMENT|PRIORITY_ACTION|TARGET,FALSE,FALSE,FALSE,FALSE,FALSE,Audit source 31853cfe91b52718dc3fb67f159e6267d9c5fcc1; upstream d66a5d7f1b46b0ed8891c34ccfe163d491c4ff3d. Generated/predictive definition; card-specific conformance remains unproven.,
Akiri,72,Vulshok Battlegear,708df587-3b13-42cb-8341-f476ab4cbe45,EQUIPMENT,COMBAT,3,,Artifact — Equipment,Scryfall oracle_id 708df587-3b13-42cb-8341-f476ab4cbe45; repository audit 31853cfe91b52718dc3fb67f159e6267d9c5fcc1,TRUE,mtg-sets\2003-2007\src\main\kotlin\com\wingedsheep\mtg\sets\definitions\mrd\cards\VulshokBattlegear.kt,GENERATED,FALSE,,SUPPORTED_DEFINITION_TEST_UNCLEAR,attachment_state|equip|equipment|static_ability,PAYMENT|PRIORITY_ACTION|TARGET,FALSE,FALSE,FALSE,FALSE,FALSE,Audit source 31853cfe91b52718dc3fb67f159e6267d9c5fcc1; upstream d66a5d7f1b46b0ed8891c34ccfe163d491c4ff3d. Generated/predictive definition; card-specific conformance remains unproven. Friendly replacement of Ideal slot card: O-Naginata.,O-Naginata
Akiri,73,Prowler's Helm,603ef53f-6191-4229-b85f-adad6f4503ce,EQUIPMENT,COMBAT,2,,Artifact — Equipment,Scryfall oracle_id 603ef53f-6191-4229-b85f-adad6f4503ce; repository audit 31853cfe91b52718dc3fb67f159e6267d9c5fcc1,FALSE,,UNKNOWN,FALSE,,CARD_DEFINITION_MISSING,attachment_state|equip|equipment,PAYMENT|PRIORITY_ACTION|TARGET,FALSE,FALSE,FALSE,FALSE,FALSE,Audit source 31853cfe91b52718dc3fb67f159e6267d9c5fcc1; upstream d66a5d7f1b46b0ed8891c34ccfe163d491c4ff3d. No executable CardDefinition path found in current source index.,
Akiri,74,Embercleave,4d6120d6-fcce-40bc-9fc6-e1f5beb6c728,EQUIPMENT,COMBAT,6,R,Legendary Artifact — Equipment,Scryfall oracle_id 4d6120d6-fcce-40bc-9fc6-e1f5beb6c728; repository audit 31853cfe91b52718dc3fb67f159e6267d9c5fcc1,FALSE,,UNKNOWN,FALSE,,CARD_DEFINITION_MISSING,attachment_state|equip|equipment,PAYMENT|PRIORITY_ACTION|TARGET,FALSE,FALSE,FALSE,FALSE,FALSE,Audit source 31853cfe91b52718dc3fb67f159e6267d9c5fcc1; upstream d66a5d7f1b46b0ed8891c34ccfe163d491c4ff3d. No executable CardDefinition path found in current source index.,
Akiri,75,Arcane Signet,0bc7f093-bef0-4f1a-852c-4b75ebf54838,RAMP,,2,,Artifact,Scryfall oracle_id 0bc7f093-bef0-4f1a-852c-4b75ebf54838; repository audit 31853cfe91b52718dc3fb67f159e6267d9c5fcc1,TRUE,mtg-sets\2024\src\main\kotlin\com\wingedsheep\mtg\sets\definitions\blc\cards\ArcaneSignet.kt,HAND_AUTHORED,FALSE,,SUPPORTED_DEFINITION_TEST_UNCLEAR,mana_acceleration,MANA_SOURCE_SELECTION|PAYMENT|PRIORITY_ACTION,FALSE,FALSE,FALSE,FALSE,FALSE,Audit source 31853cfe91b52718dc3fb67f159e6267d9c5fcc1; upstream d66a5d7f1b46b0ed8891c34ccfe163d491c4ff3d. Hand-authored definition; no exact ScenarioTest found.,
Akiri,76,Boros Signet,41c84665-1f99-40ab-aaca-1188649eb263,RAMP,,2,RW,Artifact,Scryfall oracle_id 41c84665-1f99-40ab-aaca-1188649eb263; repository audit 31853cfe91b52718dc3fb67f159e6267d9c5fcc1,TRUE,mtg-sets\2003-2007\src\main\kotlin\com\wingedsheep\mtg\sets\definitions\rav\cards\BorosSignet.kt,GENERATED,FALSE,,SUPPORTED_DEFINITION_TEST_UNCLEAR,mana_acceleration,MANA_SOURCE_SELECTION|PAYMENT|PRIORITY_ACTION,FALSE,FALSE,FALSE,FALSE,FALSE,Audit source 31853cfe91b52718dc3fb67f159e6267d9c5fcc1; upstream d66a5d7f1b46b0ed8891c34ccfe163d491c4ff3d. Generated/predictive definition; card-specific conformance remains unproven.,
Akiri,77,Talisman of Conviction,6c326439-5620-4ec6-a56a-fe9c3d5d2a46,RAMP,,2,RW,Artifact,Scryfall oracle_id 6c326439-5620-4ec6-a56a-fe9c3d5d2a46; repository audit 31853cfe91b52718dc3fb67f159e6267d9c5fcc1,FALSE,,UNKNOWN,FALSE,,CARD_DEFINITION_MISSING,mana_acceleration,MANA_SOURCE_SELECTION|PAYMENT|PRIORITY_ACTION,FALSE,FALSE,FALSE,FALSE,FALSE,Audit source 31853cfe91b52718dc3fb67f159e6267d9c5fcc1; upstream d66a5d7f1b46b0ed8891c34ccfe163d491c4ff3d. No executable CardDefinition path found in current source index.,
Akiri,78,Mind Stone,c97361b5-af16-4a7b-af85-a429dbaf4ad2,RAMP,,2,,Artifact,Scryfall oracle_id c97361b5-af16-4a7b-af85-a429dbaf4ad2; repository audit 31853cfe91b52718dc3fb67f159e6267d9c5fcc1,TRUE,mtg-sets\1993-1999\src\main\kotlin\com\wingedsheep\mtg\sets\definitions\wth\cards\MindStone.kt,HAND_AUTHORED,FALSE,,SUPPORTED_AND_TESTED,mana_acceleration,MANA_SOURCE_SELECTION|PAYMENT|PRIORITY_ACTION,FALSE,FALSE,FALSE,FALSE,FALSE,Audit source 31853cfe91b52718dc3fb67f159e6267d9c5fcc1; upstream d66a5d7f1b46b0ed8891c34ccfe163d491c4ff3d. Hand-authored definition; MindStoneScenarioTest proves both activated abilities.,
Akiri,79,Commander's Sphere,0b67c4e2-f88b-4e01-85a1-9d5f5b8db13b,RAMP,,3,,Artifact,Scryfall oracle_id 0b67c4e2-f88b-4e01-85a1-9d5f5b8db13b; repository audit 31853cfe91b52718dc3fb67f159e6267d9c5fcc1,FALSE,,UNKNOWN,FALSE,,CARD_DEFINITION_MISSING,mana_acceleration,MANA_SOURCE_SELECTION|PAYMENT|PRIORITY_ACTION,FALSE,FALSE,FALSE,FALSE,FALSE,Audit source 31853cfe91b52718dc3fb67f159e6267d9c5fcc1; upstream d66a5d7f1b46b0ed8891c34ccfe163d491c4ff3d. No executable CardDefinition path found in current source index.,
Akiri,80,Wayfarer's Bauble,31f15274-301b-47c5-ba19-0ced04520878,RAMP,,1,,Artifact,Scryfall oracle_id 31f15274-301b-47c5-ba19-0ced04520878; repository audit 31853cfe91b52718dc3fb67f159e6267d9c5fcc1,TRUE,mtg-sets\2003-2007\src\main\kotlin\com\wingedsheep\mtg\sets\definitions\5dn\cards\WayfarersBauble.kt,GENERATED,FALSE,,SUPPORTED_DEFINITION_TEST_UNCLEAR,mana_acceleration,MANA_SOURCE_SELECTION|PAYMENT|PRIORITY_ACTION,FALSE,FALSE,FALSE,FALSE,FALSE,Audit source 31853cfe91b52718dc3fb67f159e6267d9c5fcc1; upstream d66a5d7f1b46b0ed8891c34ccfe163d491c4ff3d. Generated/predictive definition; card-specific conformance remains unproven.,
Akiri,81,Fire Diamond,97b477d8-2e05-475e-8ed6-7d680cb21cd9,RAMP,,2,R,Artifact,Scryfall oracle_id 97b477d8-2e05-475e-8ed6-7d680cb21cd9; repository audit 31853cfe91b52718dc3fb67f159e6267d9c5fcc1,TRUE,mtg-sets\1993-1999\src\main\kotlin\com\wingedsheep\mtg\sets\definitions\mir\cards\FireDiamond.kt,GENERATED,FALSE,,SUPPORTED_DEFINITION_TEST_UNCLEAR,mana_acceleration,MANA_SOURCE_SELECTION|PAYMENT|PRIORITY_ACTION,FALSE,FALSE,FALSE,FALSE,FALSE,Audit source 31853cfe91b52718dc3fb67f159e6267d9c5fcc1; upstream d66a5d7f1b46b0ed8891c34ccfe163d491c4ff3d. Generated/predictive definition; card-specific conformance remains unproven.,
Akiri,82,Faithless Looting,3d6fa57a-aa53-4b5c-b8af-a7612c823117,CARD_ADVANTAGE,CARD_SELECTION,1,R,Sorcery,Scryfall oracle_id 3d6fa57a-aa53-4b5c-b8af-a7612c823117; repository audit 31853cfe91b52718dc3fb67f159e6267d9c5fcc1,TRUE,mtg-sets\2008-2016\src\main\kotlin\com\wingedsheep\mtg\sets\definitions\dka\cards\FaithlessLooting.kt,GENERATED,FALSE,,SUPPORTED_DEFINITION_TEST_UNCLEAR,card_selection|discard|draw,CARD_SELECTION|PRIORITY_ACTION,FALSE,FALSE,FALSE,FALSE,FALSE,Audit source 31853cfe91b52718dc3fb67f159e6267d9c5fcc1; upstream d66a5d7f1b46b0ed8891c34ccfe163d491c4ff3d. Generated/predictive definition; card-specific conformance remains unproven.,
Akiri,83,Thrilling Discovery,c5f5a234-c751-4976-a3e1-fbd52b3255c9,CARD_ADVANTAGE,CARD_SELECTION,2,RW,Sorcery,Scryfall oracle_id c5f5a234-c751-4976-a3e1-fbd52b3255c9; repository audit 31853cfe91b52718dc3fb67f159e6267d9c5fcc1,FALSE,,UNKNOWN,FALSE,,CARD_DEFINITION_MISSING,card_selection|discard|draw,CARD_SELECTION|PRIORITY_ACTION,FALSE,FALSE,FALSE,FALSE,FALSE,Audit source 31853cfe91b52718dc3fb67f159e6267d9c5fcc1; upstream d66a5d7f1b46b0ed8891c34ccfe163d491c4ff3d. No executable CardDefinition path found in current source index.,
Akiri,84,Reckless Impulse,584cf0fd-112a-4ca6-9c0e-1f3228a7d325,CARD_ADVANTAGE,CARD_SELECTION,2,R,Sorcery,Scryfall oracle_id 584cf0fd-112a-4ca6-9c0e-1f3228a7d325; repository audit 31853cfe91b52718dc3fb67f159e6267d9c5fcc1,TRUE,mtg-sets\2017-2022\src\main\kotlin\com\wingedsheep\mtg\sets\definitions\vow\cards\RecklessImpulse.kt,HAND_AUTHORED,TRUE,mtg-sets\2017-2022\tests\src\test\kotlin\com\wingedsheep\engine\scenarios\RecklessImpulseScenarioTest.kt,SUPPORTED_AND_TESTED,card_selection|draw|exile_until_end,CARD_SELECTION|PRIORITY_ACTION,FALSE,FALSE,FALSE,FALSE,FALSE,Audit source 31853cfe91b52718dc3fb67f159e6267d9c5fcc1; upstream d66a5d7f1b46b0ed8891c34ccfe163d491c4ff3d. Hand-authored definition with exact ScenarioTest.,
Akiri,85,Mentor of the Meek,b9f4f96b-6e54-4fe6-8df7-623e0fc72409,CARD_ADVANTAGE,CARD_SELECTION,3,W,Creature — Human Soldier,Scryfall oracle_id b9f4f96b-6e54-4fe6-8df7-623e0fc72409; repository audit 31853cfe91b52718dc3fb67f159e6267d9c5fcc1,TRUE,mtg-sets\2008-2016\src\main\kotlin\com\wingedsheep\mtg\sets\definitions\isd\cards\MentorOfTheMeek.kt,HAND_AUTHORED,FALSE,,SUPPORTED_DEFINITION_TEST_UNCLEAR,creature_entered|draw|payment,CARD_SELECTION|PRIORITY_ACTION,FALSE,FALSE,FALSE,FALSE,FALSE,Audit source 31853cfe91b52718dc3fb67f159e6267d9c5fcc1; upstream d66a5d7f1b46b0ed8891c34ccfe163d491c4ff3d. Hand-authored definition; no exact ScenarioTest found.,
Akiri,86,Welcoming Vampire,605c1ee0-5e8a-4e0a-a99b-42a38873f822,CARD_ADVANTAGE,CARD_SELECTION,3,W,Creature — Vampire,Scryfall oracle_id 605c1ee0-5e8a-4e0a-a99b-42a38873f822; repository audit 31853cfe91b52718dc3fb67f159e6267d9c5fcc1,TRUE,mtg-sets\2017-2022\src\main\kotlin\com\wingedsheep\mtg\sets\definitions\vow\cards\WelcomingVampire.kt,HAND_AUTHORED,TRUE,mtg-sets\2017-2022\tests\src\test\kotlin\com\wingedsheep\engine\scenarios\WelcomingVampireScenarioTest.kt,SUPPORTED_AND_TESTED,creature_entered|draw|once_per_turn,CARD_SELECTION|PRIORITY_ACTION,FALSE,FALSE,FALSE,FALSE,FALSE,Audit source 31853cfe91b52718dc3fb67f159e6267d9c5fcc1; upstream d66a5d7f1b46b0ed8891c34ccfe163d491c4ff3d. Hand-authored definition with exact ScenarioTest.,
Akiri,87,Swords to Plowshares,b1544f21-7e98-461b-aed5-e748b0168c52,REMOVAL,,1,W,Instant,Scryfall oracle_id b1544f21-7e98-461b-aed5-e748b0168c52; repository audit 31853cfe91b52718dc3fb67f159e6267d9c5fcc1,FALSE,,UNKNOWN,FALSE,,CARD_DEFINITION_MISSING,target_selection|targeted_removal,PAYMENT|PRIORITY_ACTION|TARGET,FALSE,FALSE,FALSE,FALSE,FALSE,Audit source 31853cfe91b52718dc3fb67f159e6267d9c5fcc1; upstream d66a5d7f1b46b0ed8891c34ccfe163d491c4ff3d. No executable CardDefinition path found in current source index.,
Akiri,88,Path to Exile,d683d985-9888-4d21-8b5f-69e69ce4a03b,REMOVAL,,1,W,Instant,Scryfall oracle_id d683d985-9888-4d21-8b5f-69e69ce4a03b; repository audit 31853cfe91b52718dc3fb67f159e6267d9c5fcc1,FALSE,,UNKNOWN,FALSE,,CARD_DEFINITION_MISSING,target_selection|targeted_removal,PAYMENT|PRIORITY_ACTION|TARGET,FALSE,FALSE,FALSE,FALSE,FALSE,Audit source 31853cfe91b52718dc3fb67f159e6267d9c5fcc1; upstream d66a5d7f1b46b0ed8891c34ccfe163d491c4ff3d. No executable CardDefinition path found in current source index.,
Akiri,89,Generous Gift,fae37e28-e137-4177-b973-fa8b4dd8f409,REMOVAL,,3,W,Instant,Scryfall oracle_id fae37e28-e137-4177-b973-fa8b4dd8f409; repository audit 31853cfe91b52718dc3fb67f159e6267d9c5fcc1,FALSE,,UNKNOWN,FALSE,,CARD_DEFINITION_MISSING,target_selection|targeted_removal,PAYMENT|PRIORITY_ACTION|TARGET,FALSE,FALSE,FALSE,FALSE,FALSE,Audit source 31853cfe91b52718dc3fb67f159e6267d9c5fcc1; upstream d66a5d7f1b46b0ed8891c34ccfe163d491c4ff3d. No executable CardDefinition path found in current source index.,
Akiri,90,Disenchant,a7e97fa9-4b72-4548-b854-5be5f18a6f1a,REMOVAL,,2,W,Instant,Scryfall oracle_id a7e97fa9-4b72-4548-b854-5be5f18a6f1a; repository audit 31853cfe91b52718dc3fb67f159e6267d9c5fcc1,TRUE,mtg-sets\1993-1999\src\main\kotlin\com\wingedsheep\mtg\sets\definitions\lea\cards\Disenchant.kt,GENERATED,FALSE,,SUPPORTED_AND_TESTED,artifact_enchantment_removal|target_selection|targeted_removal,PAYMENT|PRIORITY_ACTION|TARGET,FALSE,FALSE,FALSE,FALSE,FALSE,Audit source 31853cfe91b52718dc3fb67f159e6267d9c5fcc1; upstream d66a5d7f1b46b0ed8891c34ccfe163d491c4ff3d. Generated/predictive definition; DisenchantScenarioTest proves artifact/enchantment destruction and rejects creature targets. Friendly replacement of Ideal slot card: Wear // Tear.,Wear // Tear
Akiri,91,Chaos Warp,07a0cba9-8768-4fd9-a3d5-b0f83b4bf8e8,REMOVAL,,3,R,Instant,Scryfall oracle_id 07a0cba9-8768-4fd9-a3d5-b0f83b4bf8e8; repository audit 31853cfe91b52718dc3fb67f159e6267d9c5fcc1,TRUE,mtg-sets\2024\src\main\kotlin\com\wingedsheep\mtg\sets\definitions\blc\cards\ChaosWarp.kt,HAND_AUTHORED,FALSE,,SUPPORTED_DEFINITION_TEST_UNCLEAR,replacement_choice|shuffle|target_selection|targeted_removal,PAYMENT|PRIORITY_ACTION|TARGET,FALSE,FALSE,FALSE,FALSE,FALSE,Audit source 31853cfe91b52718dc3fb67f159e6267d9c5fcc1; upstream d66a5d7f1b46b0ed8891c34ccfe163d491c4ff3d. Hand-authored definition; no exact ScenarioTest found.,
Akiri,92,Abrade,f9db72dc-9a5b-48a4-a86e-7464d9a2166a,REMOVAL,,2,R,Instant,Scryfall oracle_id f9db72dc-9a5b-48a4-a86e-7464d9a2166a; repository audit 31853cfe91b52718dc3fb67f159e6267d9c5fcc1,TRUE,mtg-sets\2017-2022\src\main\kotlin\com\wingedsheep\mtg\sets\definitions\hou\cards\Abrade.kt,GENERATED,FALSE,,SUPPORTED_DEFINITION_TEST_UNCLEAR,artifact_removal|damage|target_selection|targeted_removal,PAYMENT|PRIORITY_ACTION|TARGET,FALSE,FALSE,FALSE,FALSE,FALSE,Audit source 31853cfe91b52718dc3fb67f159e6267d9c5fcc1; upstream d66a5d7f1b46b0ed8891c34ccfe163d491c4ff3d. Generated/predictive definition; card-specific conformance remains unproven.,
Akiri,93,Boros Charm,2679d0dd-ba30-4a1c-b6a0-b3ac6c790496,PROTECTION,,2,RW,Instant,Scryfall oracle_id 2679d0dd-ba30-4a1c-b6a0-b3ac6c790496; repository audit 31853cfe91b52718dc3fb67f159e6267d9c5fcc1,TRUE,mtg-sets\2008-2016\src\main\kotlin\com\wingedsheep\mtg\sets\definitions\gtc\cards\BorosCharm.kt,GENERATED,FALSE,,SUPPORTED_DEFINITION_TEST_UNCLEAR,modal_choice|target_selection|targeted_protection|temporary_indestructible,MODE|PAYMENT|PRIORITY_ACTION|TARGET,FALSE,FALSE,FALSE,FALSE,FALSE,Audit source 31853cfe91b52718dc3fb67f159e6267d9c5fcc1; upstream d66a5d7f1b46b0ed8891c34ccfe163d491c4ff3d. Generated/predictive definition; card-specific conformance remains unproven.,
Akiri,94,Loran's Escape,1a9048d6-f3fa-4f3b-9baa-35318177bc6e,PROTECTION,,1,W,Instant,Scryfall oracle_id 1a9048d6-f3fa-4f3b-9baa-35318177bc6e; repository audit 31853cfe91b52718dc3fb67f159e6267d9c5fcc1,FALSE,,UNKNOWN,FALSE,,CARD_DEFINITION_MISSING,indestructible|scry|targeted_protection,CARD_SELECTION|PAYMENT|PRIORITY_ACTION|TARGET,FALSE,FALSE,FALSE,FALSE,FALSE,Audit source 31853cfe91b52718dc3fb67f159e6267d9c5fcc1; upstream d66a5d7f1b46b0ed8891c34ccfe163d491c4ff3d. No executable CardDefinition path found in current source index.,
Akiri,95,Wrath of God,34515b16-c9a4-4f98-8c77-416a7a523407,BOARD_WIPE,,4,W,Sorcery,Scryfall oracle_id 34515b16-c9a4-4f98-8c77-416a7a523407; repository audit 31853cfe91b52718dc3fb67f159e6267d9c5fcc1,TRUE,mtg-sets\1993-1999\src\main\kotlin\com\wingedsheep\mtg\sets\definitions\lea\cards\WrathOfGod.kt,GENERATED,FALSE,,SUPPORTED_DEFINITION_TEST_UNCLEAR,board_wipe|destroy|mass_removal,CONFIRMATION|PAYMENT|PRIORITY_ACTION,FALSE,FALSE,FALSE,FALSE,TRUE,Audit source 31853cfe91b52718dc3fb67f159e6267d9c5fcc1; upstream d66a5d7f1b46b0ed8891c34ccfe163d491c4ff3d. Generated/predictive definition; card-specific conformance remains unproven.,
Akiri,96,Blasphemous Act,7a2484a9-04fd-41a0-8224-610c1c07ed10,BOARD_WIPE,,9,R,Sorcery,Scryfall oracle_id 7a2484a9-04fd-41a0-8224-610c1c07ed10; repository audit 31853cfe91b52718dc3fb67f159e6267d9c5fcc1,TRUE,mtg-sets\2024\src\main\kotlin\com\wingedsheep\mtg\sets\definitions\blc\cards\BlasphemousAct.kt,HAND_AUTHORED,FALSE,,SUPPORTED_DEFINITION_TEST_UNCLEAR,board_wipe|cost_reduction|damage|mass_removal,CONFIRMATION|PAYMENT|PRIORITY_ACTION,FALSE,FALSE,FALSE,FALSE,TRUE,Audit source 31853cfe91b52718dc3fb67f159e6267d9c5fcc1; upstream d66a5d7f1b46b0ed8891c34ccfe163d491c4ff3d. Hand-authored definition; no exact ScenarioTest found.,
Akiri,97,Sevinne's Reclamation,1b9f9f5b-8712-4f00-90cb-1b7b9970eccc,RECURSION,,3,W,Sorcery,Scryfall oracle_id 1b9f9f5b-8712-4f00-90cb-1b7b9970eccc; repository audit 31853cfe91b52718dc3fb67f159e6267d9c5fcc1,FALSE,,UNKNOWN,FALSE,,CARD_DEFINITION_MISSING,flashback|graveyard_recursion|target_selection,CARD_SELECTION|PAYMENT|PRIORITY_ACTION|TARGET,FALSE,FALSE,FALSE,FALSE,FALSE,Audit source 31853cfe91b52718dc3fb67f159e6267d9c5fcc1; upstream d66a5d7f1b46b0ed8891c34ccfe163d491c4ff3d. No executable CardDefinition path found in current source index.,
Akiri,98,Open the Armory,2ecf7771-8061-4710-ad2e-80b092ae0b4b,TUTOR,,2,W,Sorcery,Scryfall oracle_id 2ecf7771-8061-4710-ad2e-80b092ae0b4b; repository audit 31853cfe91b52718dc3fb67f159e6267d9c5fcc1,TRUE,mtg-sets\2008-2016\src\main\kotlin\com\wingedsheep\mtg\sets\definitions\soi\cards\OpenTheArmory.kt,GENERATED,FALSE,,SUPPORTED_DEFINITION_TEST_UNCLEAR,aura|equipment|search|shuffle,CARD_SELECTION|PAYMENT|PRIORITY_ACTION|SEARCH,FALSE,FALSE,FALSE,TRUE,FALSE,Audit source 31853cfe91b52718dc3fb67f159e6267d9c5fcc1; upstream d66a5d7f1b46b0ed8891c34ccfe163d491c4ff3d. Generated/predictive definition; card-specific conformance remains unproven.,
Akiri,99,Steelshaper's Gift,d9abda7e-6ca2-42ea-ab24-c542e57014f1,TUTOR,,1,W,Sorcery,Scryfall oracle_id d9abda7e-6ca2-42ea-ab24-c542e57014f1; repository audit 31853cfe91b52718dc3fb67f159e6267d9c5fcc1,FALSE,,UNKNOWN,FALSE,,CARD_DEFINITION_MISSING,equipment|search|shuffle,CARD_SELECTION|PAYMENT|PRIORITY_ACTION|SEARCH,FALSE,FALSE,FALSE,TRUE,FALSE,Audit source 31853cfe91b52718dc3fb67f159e6267d9c5fcc1; upstream d66a5d7f1b46b0ed8891c34ccfe163d491c4ff3d. No executable CardDefinition path found in current source index.,
Akiri,100,Outpost Siege,ebb24fc7-dc71-4712-8c2a-b5920f78e55d,CARD_ADVANTAGE,CARD_SELECTION,4,R,Enchantment,Scryfall oracle_id ebb24fc7-dc71-4712-8c2a-b5920f78e55d; repository audit 31853cfe91b52718dc3fb67f159e6267d9c5fcc1,TRUE,mtg-sets\2008-2016\src\main\kotlin\com\wingedsheep\mtg\sets\definitions\frf\cards\OutpostSiege.kt,HAND_AUTHORED,FALSE,,SUPPORTED_DEFINITION_TEST_UNCLEAR,card_selection|draw|enchantment|modal_choice|upkeep_trigger,CARD_SELECTION|MODE|PRIORITY_ACTION,FALSE,FALSE,FALSE,FALSE,FALSE,Audit source 31853cfe91b52718dc3fb67f159e6267d9c5fcc1; upstream d66a5d7f1b46b0ed8891c34ccfe163d491c4ff3d. Hand-authored definition; no exact ScenarioTest found.,
Chevill,1,"Chevill, Bane of Monsters",50863075-a30b-4238-8e31-5af32a39d886,COMMANDER,SYNERGY_ENGINE,2,BG,Legendary Creature — Human Rogue,Scryfall oracle_id 50863075-a30b-4238-8e31-5af32a39d886; repository audit 31853cfe91b52718dc3fb67f159e6267d9c5fcc1,TRUE,mtg-sets\2017-2022\src\main\kotlin\com\wingedsheep\mtg\sets\definitions\iko\cards\ChevillBaneOfMonsters.kt,HAND_AUTHORED,TRUE,mtg-sets\2017-2022\tests\src\test\kotlin\com\wingedsheep\engine\scenarios\ChevillBaneOfMonstersScenarioTest.kt,SUPPORTED_AND_TESTED,bounty_counter|commander_zone|dies_trigger|draw|last_known_information|life_gain|marked_permanent|opponent_control|target_selection|upkeep_trigger,ATTACK|CARD_SELECTION|CONFIRMATION|PAYMENT|REPLACEMENT_CHOICE|TARGET,FALSE,FALSE,FALSE,FALSE,FALSE,Audit source 31853cfe91b52718dc3fb67f159e6267d9c5fcc1; ARG-DECK-03 exact CardDefinition and focused conformance scenarios. ARG-02.1 commander zone-choice conformance remains separate.,
Chevill,2,Forest,b34bb2dc-c1af-4d77-b0b3-a0fb342a5fc6,LAND,,0,G,Basic Land — Forest,Scryfall oracle_id b34bb2dc-c1af-4d77-b0b3-a0fb342a5fc6; repository audit 31853cfe91b52718dc3fb67f159e6267d9c5fcc1,TRUE,mtg-sets\1993-1999\src\main\kotlin\com\wingedsheep\mtg\sets\definitions\leb\cards\LimitedEditionBetaBasicLands.kt,HAND_AUTHORED,FALSE,,SUPPORTED_DEFINITION_TEST_UNCLEAR,mana_source,MANA_SOURCE_SELECTION,FALSE,FALSE,FALSE,FALSE,FALSE,Audit source 31853cfe91b52718dc3fb67f159e6267d9c5fcc1; upstream d66a5d7f1b46b0ed8891c34ccfe163d491c4ff3d. Hand-authored definition; no exact ScenarioTest found.,
Chevill,3,Forest,b34bb2dc-c1af-4d77-b0b3-a0fb342a5fc6,LAND,,0,G,Basic Land — Forest,Scryfall oracle_id b34bb2dc-c1af-4d77-b0b3-a0fb342a5fc6; repository audit 31853cfe91b52718dc3fb67f159e6267d9c5fcc1,TRUE,mtg-sets\1993-1999\src\main\kotlin\com\wingedsheep\mtg\sets\definitions\leb\cards\LimitedEditionBetaBasicLands.kt,HAND_AUTHORED,FALSE,,SUPPORTED_DEFINITION_TEST_UNCLEAR,mana_source,MANA_SOURCE_SELECTION,FALSE,FALSE,FALSE,FALSE,FALSE,Audit source 31853cfe91b52718dc3fb67f159e6267d9c5fcc1; upstream d66a5d7f1b46b0ed8891c34ccfe163d491c4ff3d. Hand-authored definition; no exact ScenarioTest found.,
Chevill,4,Forest,b34bb2dc-c1af-4d77-b0b3-a0fb342a5fc6,LAND,,0,G,Basic Land — Forest,Scryfall oracle_id b34bb2dc-c1af-4d77-b0b3-a0fb342a5fc6; repository audit 31853cfe91b52718dc3fb67f159e6267d9c5fcc1,TRUE,mtg-sets\1993-1999\src\main\kotlin\com\wingedsheep\mtg\sets\definitions\leb\cards\LimitedEditionBetaBasicLands.kt,HAND_AUTHORED,FALSE,,SUPPORTED_DEFINITION_TEST_UNCLEAR,mana_source,MANA_SOURCE_SELECTION,FALSE,FALSE,FALSE,FALSE,FALSE,Audit source 31853cfe91b52718dc3fb67f159e6267d9c5fcc1; upstream d66a5d7f1b46b0ed8891c34ccfe163d491c4ff3d. Hand-authored definition; no exact ScenarioTest found.,
Chevill,5,Forest,b34bb2dc-c1af-4d77-b0b3-a0fb342a5fc6,LAND,,0,G,Basic Land — Forest,Scryfall oracle_id b34bb2dc-c1af-4d77-b0b3-a0fb342a5fc6; repository audit 31853cfe91b52718dc3fb67f159e6267d9c5fcc1,TRUE,mtg-sets\1993-1999\src\main\kotlin\com\wingedsheep\mtg\sets\definitions\leb\cards\LimitedEditionBetaBasicLands.kt,HAND_AUTHORED,FALSE,,SUPPORTED_DEFINITION_TEST_UNCLEAR,mana_source,MANA_SOURCE_SELECTION,FALSE,FALSE,FALSE,FALSE,FALSE,Audit source 31853cfe91b52718dc3fb67f159e6267d9c5fcc1; upstream d66a5d7f1b46b0ed8891c34ccfe163d491c4ff3d. Hand-authored definition; no exact ScenarioTest found.,
Chevill,6,Forest,b34bb2dc-c1af-4d77-b0b3-a0fb342a5fc6,LAND,,0,G,Basic Land — Forest,Scryfall oracle_id b34bb2dc-c1af-4d77-b0b3-a0fb342a5fc6; repository audit 31853cfe91b52718dc3fb67f159e6267d9c5fcc1,TRUE,mtg-sets\1993-1999\src\main\kotlin\com\wingedsheep\mtg\sets\definitions\leb\cards\LimitedEditionBetaBasicLands.kt,HAND_AUTHORED,FALSE,,SUPPORTED_DEFINITION_TEST_UNCLEAR,mana_source,MANA_SOURCE_SELECTION,FALSE,FALSE,FALSE,FALSE,FALSE,Audit source 31853cfe91b52718dc3fb67f159e6267d9c5fcc1; upstream d66a5d7f1b46b0ed8891c34ccfe163d491c4ff3d. Hand-authored definition; no exact ScenarioTest found.,
Chevill,7,Forest,b34bb2dc-c1af-4d77-b0b3-a0fb342a5fc6,LAND,,0,G,Basic Land — Forest,Scryfall oracle_id b34bb2dc-c1af-4d77-b0b3-a0fb342a5fc6; repository audit 31853cfe91b52718dc3fb67f159e6267d9c5fcc1,TRUE,mtg-sets\1993-1999\src\main\kotlin\com\wingedsheep\mtg\sets\definitions\leb\cards\LimitedEditionBetaBasicLands.kt,HAND_AUTHORED,FALSE,,SUPPORTED_DEFINITION_TEST_UNCLEAR,mana_source,MANA_SOURCE_SELECTION,FALSE,FALSE,FALSE,FALSE,FALSE,Audit source 31853cfe91b52718dc3fb67f159e6267d9c5fcc1; upstream d66a5d7f1b46b0ed8891c34ccfe163d491c4ff3d. Hand-authored definition; no exact ScenarioTest found.,
Chevill,8,Forest,b34bb2dc-c1af-4d77-b0b3-a0fb342a5fc6,LAND,,0,G,Basic Land — Forest,Scryfall oracle_id b34bb2dc-c1af-4d77-b0b3-a0fb342a5fc6; repository audit 31853cfe91b52718dc3fb67f159e6267d9c5fcc1,TRUE,mtg-sets\1993-1999\src\main\kotlin\com\wingedsheep\mtg\sets\definitions\leb\cards\LimitedEditionBetaBasicLands.kt,HAND_AUTHORED,FALSE,,SUPPORTED_DEFINITION_TEST_UNCLEAR,mana_source,MANA_SOURCE_SELECTION,FALSE,FALSE,FALSE,FALSE,FALSE,Audit source 31853cfe91b52718dc3fb67f159e6267d9c5fcc1; upstream d66a5d7f1b46b0ed8891c34ccfe163d491c4ff3d. Hand-authored definition; no exact ScenarioTest found.,
Chevill,9,Forest,b34bb2dc-c1af-4d77-b0b3-a0fb342a5fc6,LAND,,0,G,Basic Land — Forest,Scryfall oracle_id b34bb2dc-c1af-4d77-b0b3-a0fb342a5fc6; repository audit 31853cfe91b52718dc3fb67f159e6267d9c5fcc1,TRUE,mtg-sets\1993-1999\src\main\kotlin\com\wingedsheep\mtg\sets\definitions\leb\cards\LimitedEditionBetaBasicLands.kt,HAND_AUTHORED,FALSE,,SUPPORTED_DEFINITION_TEST_UNCLEAR,mana_source,MANA_SOURCE_SELECTION,FALSE,FALSE,FALSE,FALSE,FALSE,Audit source 31853cfe91b52718dc3fb67f159e6267d9c5fcc1; upstream d66a5d7f1b46b0ed8891c34ccfe163d491c4ff3d. Hand-authored definition; no exact ScenarioTest found.,
Chevill,10,Forest,b34bb2dc-c1af-4d77-b0b3-a0fb342a5fc6,LAND,,0,G,Basic Land — Forest,Scryfall oracle_id b34bb2dc-c1af-4d77-b0b3-a0fb342a5fc6; repository audit 31853cfe91b52718dc3fb67f159e6267d9c5fcc1,TRUE,mtg-sets\1993-1999\src\main\kotlin\com\wingedsheep\mtg\sets\definitions\leb\cards\LimitedEditionBetaBasicLands.kt,HAND_AUTHORED,FALSE,,SUPPORTED_DEFINITION_TEST_UNCLEAR,mana_source,MANA_SOURCE_SELECTION,FALSE,FALSE,FALSE,FALSE,FALSE,Audit source 31853cfe91b52718dc3fb67f159e6267d9c5fcc1; upstream d66a5d7f1b46b0ed8891c34ccfe163d491c4ff3d. Hand-authored definition; no exact ScenarioTest found.,
Chevill,11,Forest,b34bb2dc-c1af-4d77-b0b3-a0fb342a5fc6,LAND,,0,G,Basic Land — Forest,Scryfall oracle_id b34bb2dc-c1af-4d77-b0b3-a0fb342a5fc6; repository audit 31853cfe91b52718dc3fb67f159e6267d9c5fcc1,TRUE,mtg-sets\1993-1999\src\main\kotlin\com\wingedsheep\mtg\sets\definitions\leb\cards\LimitedEditionBetaBasicLands.kt,HAND_AUTHORED,FALSE,,SUPPORTED_DEFINITION_TEST_UNCLEAR,mana_source,MANA_SOURCE_SELECTION,FALSE,FALSE,FALSE,FALSE,FALSE,Audit source 31853cfe91b52718dc3fb67f159e6267d9c5fcc1; upstream d66a5d7f1b46b0ed8891c34ccfe163d491c4ff3d. Hand-authored definition; no exact ScenarioTest found.,
Chevill,12,Forest,b34bb2dc-c1af-4d77-b0b3-a0fb342a5fc6,LAND,,0,G,Basic Land — Forest,Scryfall oracle_id b34bb2dc-c1af-4d77-b0b3-a0fb342a5fc6; repository audit 31853cfe91b52718dc3fb67f159e6267d9c5fcc1,TRUE,mtg-sets\1993-1999\src\main\kotlin\com\wingedsheep\mtg\sets\definitions\leb\cards\LimitedEditionBetaBasicLands.kt,HAND_AUTHORED,FALSE,,SUPPORTED_DEFINITION_TEST_UNCLEAR,mana_source,MANA_SOURCE_SELECTION,FALSE,FALSE,FALSE,FALSE,FALSE,Audit source 31853cfe91b52718dc3fb67f159e6267d9c5fcc1; upstream d66a5d7f1b46b0ed8891c34ccfe163d491c4ff3d. Hand-authored definition; no exact ScenarioTest found.,
Chevill,13,Forest,b34bb2dc-c1af-4d77-b0b3-a0fb342a5fc6,LAND,,0,G,Basic Land — Forest,Scryfall oracle_id b34bb2dc-c1af-4d77-b0b3-a0fb342a5fc6; repository audit 31853cfe91b52718dc3fb67f159e6267d9c5fcc1,TRUE,mtg-sets\1993-1999\src\main\kotlin\com\wingedsheep\mtg\sets\definitions\leb\cards\LimitedEditionBetaBasicLands.kt,HAND_AUTHORED,FALSE,,SUPPORTED_DEFINITION_TEST_UNCLEAR,mana_source,MANA_SOURCE_SELECTION,FALSE,FALSE,FALSE,FALSE,FALSE,Audit source 31853cfe91b52718dc3fb67f159e6267d9c5fcc1; upstream d66a5d7f1b46b0ed8891c34ccfe163d491c4ff3d. Hand-authored definition; no exact ScenarioTest found.,
Chevill,14,Forest,b34bb2dc-c1af-4d77-b0b3-a0fb342a5fc6,LAND,,0,G,Basic Land — Forest,Scryfall oracle_id b34bb2dc-c1af-4d77-b0b3-a0fb342a5fc6; repository audit 31853cfe91b52718dc3fb67f159e6267d9c5fcc1,TRUE,mtg-sets\1993-1999\src\main\kotlin\com\wingedsheep\mtg\sets\definitions\leb\cards\LimitedEditionBetaBasicLands.kt,HAND_AUTHORED,FALSE,,SUPPORTED_DEFINITION_TEST_UNCLEAR,mana_source,MANA_SOURCE_SELECTION,FALSE,FALSE,FALSE,FALSE,FALSE,Audit source 31853cfe91b52718dc3fb67f159e6267d9c5fcc1; upstream d66a5d7f1b46b0ed8891c34ccfe163d491c4ff3d. Hand-authored definition; no exact ScenarioTest found.,
Chevill,15,Forest,b34bb2dc-c1af-4d77-b0b3-a0fb342a5fc6,LAND,,0,G,Basic Land — Forest,Scryfall oracle_id b34bb2dc-c1af-4d77-b0b3-a0fb342a5fc6; repository audit 31853cfe91b52718dc3fb67f159e6267d9c5fcc1,TRUE,mtg-sets\1993-1999\src\main\kotlin\com\wingedsheep\mtg\sets\definitions\leb\cards\LimitedEditionBetaBasicLands.kt,HAND_AUTHORED,FALSE,,SUPPORTED_DEFINITION_TEST_UNCLEAR,mana_source,MANA_SOURCE_SELECTION,FALSE,FALSE,FALSE,FALSE,FALSE,Audit source 31853cfe91b52718dc3fb67f159e6267d9c5fcc1; upstream d66a5d7f1b46b0ed8891c34ccfe163d491c4ff3d. Hand-authored definition; no exact ScenarioTest found.,
Chevill,16,Swamp,56719f6a-1a6c-4c0a-8d21-18f7d7350b68,LAND,,0,B,Basic Land — Swamp,Scryfall oracle_id 56719f6a-1a6c-4c0a-8d21-18f7d7350b68; repository audit 31853cfe91b52718dc3fb67f159e6267d9c5fcc1,TRUE,mtg-sets\1993-1999\src\main\kotlin\com\wingedsheep\mtg\sets\definitions\leb\cards\LimitedEditionBetaBasicLands.kt,HAND_AUTHORED,FALSE,,SUPPORTED_DEFINITION_TEST_UNCLEAR,mana_source,MANA_SOURCE_SELECTION,FALSE,FALSE,FALSE,FALSE,FALSE,Audit source 31853cfe91b52718dc3fb67f159e6267d9c5fcc1; upstream d66a5d7f1b46b0ed8891c34ccfe163d491c4ff3d. Hand-authored definition; no exact ScenarioTest found.,
Chevill,17,Swamp,56719f6a-1a6c-4c0a-8d21-18f7d7350b68,LAND,,0,B,Basic Land — Swamp,Scryfall oracle_id 56719f6a-1a6c-4c0a-8d21-18f7d7350b68; repository audit 31853cfe91b52718dc3fb67f159e6267d9c5fcc1,TRUE,mtg-sets\1993-1999\src\main\kotlin\com\wingedsheep\mtg\sets\definitions\leb\cards\LimitedEditionBetaBasicLands.kt,HAND_AUTHORED,FALSE,,SUPPORTED_DEFINITION_TEST_UNCLEAR,mana_source,MANA_SOURCE_SELECTION,FALSE,FALSE,FALSE,FALSE,FALSE,Audit source 31853cfe91b52718dc3fb67f159e6267d9c5fcc1; upstream d66a5d7f1b46b0ed8891c34ccfe163d491c4ff3d. Hand-authored definition; no exact ScenarioTest found.,
Chevill,18,Swamp,56719f6a-1a6c-4c0a-8d21-18f7d7350b68,LAND,,0,B,Basic Land — Swamp,Scryfall oracle_id 56719f6a-1a6c-4c0a-8d21-18f7d7350b68; repository audit 31853cfe91b52718dc3fb67f159e6267d9c5fcc1,TRUE,mtg-sets\1993-1999\src\main\kotlin\com\wingedsheep\mtg\sets\definitions\leb\cards\LimitedEditionBetaBasicLands.kt,HAND_AUTHORED,FALSE,,SUPPORTED_DEFINITION_TEST_UNCLEAR,mana_source,MANA_SOURCE_SELECTION,FALSE,FALSE,FALSE,FALSE,FALSE,Audit source 31853cfe91b52718dc3fb67f159e6267d9c5fcc1; upstream d66a5d7f1b46b0ed8891c34ccfe163d491c4ff3d. Hand-authored definition; no exact ScenarioTest found.,
Chevill,19,Swamp,56719f6a-1a6c-4c0a-8d21-18f7d7350b68,LAND,,0,B,Basic Land — Swamp,Scryfall oracle_id 56719f6a-1a6c-4c0a-8d21-18f7d7350b68; repository audit 31853cfe91b52718dc3fb67f159e6267d9c5fcc1,TRUE,mtg-sets\1993-1999\src\main\kotlin\com\wingedsheep\mtg\sets\definitions\leb\cards\LimitedEditionBetaBasicLands.kt,HAND_AUTHORED,FALSE,,SUPPORTED_DEFINITION_TEST_UNCLEAR,mana_source,MANA_SOURCE_SELECTION,FALSE,FALSE,FALSE,FALSE,FALSE,Audit source 31853cfe91b52718dc3fb67f159e6267d9c5fcc1; upstream d66a5d7f1b46b0ed8891c34ccfe163d491c4ff3d. Hand-authored definition; no exact ScenarioTest found.,
Chevill,20,Swamp,56719f6a-1a6c-4c0a-8d21-18f7d7350b68,LAND,,0,B,Basic Land — Swamp,Scryfall oracle_id 56719f6a-1a6c-4c0a-8d21-18f7d7350b68; repository audit 31853cfe91b52718dc3fb67f159e6267d9c5fcc1,TRUE,mtg-sets\1993-1999\src\main\kotlin\com\wingedsheep\mtg\sets\definitions\leb\cards\LimitedEditionBetaBasicLands.kt,HAND_AUTHORED,FALSE,,SUPPORTED_DEFINITION_TEST_UNCLEAR,mana_source,MANA_SOURCE_SELECTION,FALSE,FALSE,FALSE,FALSE,FALSE,Audit source 31853cfe91b52718dc3fb67f159e6267d9c5fcc1; upstream d66a5d7f1b46b0ed8891c34ccfe163d491c4ff3d. Hand-authored definition; no exact ScenarioTest found.,
Chevill,21,Swamp,56719f6a-1a6c-4c0a-8d21-18f7d7350b68,LAND,,0,B,Basic Land — Swamp,Scryfall oracle_id 56719f6a-1a6c-4c0a-8d21-18f7d7350b68; repository audit 31853cfe91b52718dc3fb67f159e6267d9c5fcc1,TRUE,mtg-sets\1993-1999\src\main\kotlin\com\wingedsheep\mtg\sets\definitions\leb\cards\LimitedEditionBetaBasicLands.kt,HAND_AUTHORED,FALSE,,SUPPORTED_DEFINITION_TEST_UNCLEAR,mana_source,MANA_SOURCE_SELECTION,FALSE,FALSE,FALSE,FALSE,FALSE,Audit source 31853cfe91b52718dc3fb67f159e6267d9c5fcc1; upstream d66a5d7f1b46b0ed8891c34ccfe163d491c4ff3d. Hand-authored definition; no exact ScenarioTest found.,
Chevill,22,Swamp,56719f6a-1a6c-4c0a-8d21-18f7d7350b68,LAND,,0,B,Basic Land — Swamp,Scryfall oracle_id 56719f6a-1a6c-4c0a-8d21-18f7d7350b68; repository audit 31853cfe91b52718dc3fb67f159e6267d9c5fcc1,TRUE,mtg-sets\1993-1999\src\main\kotlin\com\wingedsheep\mtg\sets\definitions\leb\cards\LimitedEditionBetaBasicLands.kt,HAND_AUTHORED,FALSE,,SUPPORTED_DEFINITION_TEST_UNCLEAR,mana_source,MANA_SOURCE_SELECTION,FALSE,FALSE,FALSE,FALSE,FALSE,Audit source 31853cfe91b52718dc3fb67f159e6267d9c5fcc1; upstream d66a5d7f1b46b0ed8891c34ccfe163d491c4ff3d. Hand-authored definition; no exact ScenarioTest found.,
Chevill,23,Swamp,56719f6a-1a6c-4c0a-8d21-18f7d7350b68,LAND,,0,B,Basic Land — Swamp,Scryfall oracle_id 56719f6a-1a6c-4c0a-8d21-18f7d7350b68; repository audit 31853cfe91b52718dc3fb67f159e6267d9c5fcc1,TRUE,mtg-sets\1993-1999\src\main\kotlin\com\wingedsheep\mtg\sets\definitions\leb\cards\LimitedEditionBetaBasicLands.kt,HAND_AUTHORED,FALSE,,SUPPORTED_DEFINITION_TEST_UNCLEAR,mana_source,MANA_SOURCE_SELECTION,FALSE,FALSE,FALSE,FALSE,FALSE,Audit source 31853cfe91b52718dc3fb67f159e6267d9c5fcc1; upstream d66a5d7f1b46b0ed8891c34ccfe163d491c4ff3d. Hand-authored definition; no exact ScenarioTest found.,
Chevill,24,Swamp,56719f6a-1a6c-4c0a-8d21-18f7d7350b68,LAND,,0,B,Basic Land — Swamp,Scryfall oracle_id 56719f6a-1a6c-4c0a-8d21-18f7d7350b68; repository audit 31853cfe91b52718dc3fb67f159e6267d9c5fcc1,TRUE,mtg-sets\1993-1999\src\main\kotlin\com\wingedsheep\mtg\sets\definitions\leb\cards\LimitedEditionBetaBasicLands.kt,HAND_AUTHORED,FALSE,,SUPPORTED_DEFINITION_TEST_UNCLEAR,mana_source,MANA_SOURCE_SELECTION,FALSE,FALSE,FALSE,FALSE,FALSE,Audit source 31853cfe91b52718dc3fb67f159e6267d9c5fcc1; upstream d66a5d7f1b46b0ed8891c34ccfe163d491c4ff3d. Hand-authored definition; no exact ScenarioTest found.,
Chevill,25,Swamp,56719f6a-1a6c-4c0a-8d21-18f7d7350b68,LAND,,0,B,Basic Land — Swamp,Scryfall oracle_id 56719f6a-1a6c-4c0a-8d21-18f7d7350b68; repository audit 31853cfe91b52718dc3fb67f159e6267d9c5fcc1,TRUE,mtg-sets\1993-1999\src\main\kotlin\com\wingedsheep\mtg\sets\definitions\leb\cards\LimitedEditionBetaBasicLands.kt,HAND_AUTHORED,FALSE,,SUPPORTED_DEFINITION_TEST_UNCLEAR,mana_source,MANA_SOURCE_SELECTION,FALSE,FALSE,FALSE,FALSE,FALSE,Audit source 31853cfe91b52718dc3fb67f159e6267d9c5fcc1; upstream d66a5d7f1b46b0ed8891c34ccfe163d491c4ff3d. Hand-authored definition; no exact ScenarioTest found.,
Chevill,26,Command Tower,0895c9b7-ae7d-4bb3-af17-3b75deb50a25,LAND,,0,,Land,Scryfall oracle_id 0895c9b7-ae7d-4bb3-af17-3b75deb50a25; repository audit 31853cfe91b52718dc3fb67f159e6267d9c5fcc1,TRUE,mtg-sets\2008-2016\src\main\kotlin\com\wingedsheep\mtg\sets\definitions\cmd\cards\CommandTower.kt,HAND_AUTHORED,FALSE,,SUPPORTED_DEFINITION_TEST_UNCLEAR,mana_source,MANA_SOURCE_SELECTION,FALSE,FALSE,FALSE,FALSE,FALSE,Audit source 31853cfe91b52718dc3fb67f159e6267d9c5fcc1; upstream d66a5d7f1b46b0ed8891c34ccfe163d491c4ff3d. Hand-authored definition; no exact ScenarioTest found.,
Chevill,27,Overgrown Tomb,975ec9a3-6f20-4177-8211-82526e092538,LAND,,0,BG,Land — Swamp Forest,Scryfall oracle_id 975ec9a3-6f20-4177-8211-82526e092538; repository audit 31853cfe91b52718dc3fb67f159e6267d9c5fcc1,TRUE,mtg-sets\2003-2007\src\main\kotlin\com\wingedsheep\mtg\sets\definitions\rav\cards\OvergrownTomb.kt,HAND_AUTHORED,FALSE,,SUPPORTED_DEFINITION_TEST_UNCLEAR,mana_source,MANA_SOURCE_SELECTION,FALSE,FALSE,FALSE,FALSE,FALSE,Audit source 31853cfe91b52718dc3fb67f159e6267d9c5fcc1; upstream d66a5d7f1b46b0ed8891c34ccfe163d491c4ff3d. Hand-authored definition; no exact ScenarioTest found.,
Chevill,28,Woodland Cemetery,c9fe1383-1331-4a58-a45a-3320250221a9,LAND,,0,BG,Land,Scryfall oracle_id c9fe1383-1331-4a58-a45a-3320250221a9; repository audit 31853cfe91b52718dc3fb67f159e6267d9c5fcc1,TRUE,mtg-sets\2017-2022\src\main\kotlin\com\wingedsheep\mtg\sets\definitions\dom\cards\WoodlandCemetery.kt,HAND_AUTHORED,FALSE,,SUPPORTED_DEFINITION_TEST_UNCLEAR,mana_source,MANA_SOURCE_SELECTION,FALSE,FALSE,FALSE,FALSE,FALSE,Audit source 31853cfe91b52718dc3fb67f159e6267d9c5fcc1; upstream d66a5d7f1b46b0ed8891c34ccfe163d491c4ff3d. Hand-authored definition; no exact ScenarioTest found.,
Chevill,29,Llanowar Wastes,32116127-cf96-4a1b-8896-a1ebc087b597,LAND,,0,BG,Land,Scryfall oracle_id 32116127-cf96-4a1b-8896-a1ebc087b597; repository audit 31853cfe91b52718dc3fb67f159e6267d9c5fcc1,TRUE,mtg-sets\2000-2002\src\main\kotlin\com\wingedsheep\mtg\sets\definitions\apc\cards\LlanowarWastes.kt,HAND_AUTHORED,FALSE,,SUPPORTED_DEFINITION_TEST_UNCLEAR,mana_source,MANA_SOURCE_SELECTION,FALSE,FALSE,FALSE,FALSE,FALSE,Audit source 31853cfe91b52718dc3fb67f159e6267d9c5fcc1; upstream d66a5d7f1b46b0ed8891c34ccfe163d491c4ff3d. Hand-authored definition; no exact ScenarioTest found.,
Chevill,30,Temple of Malady,dc55421f-dee8-4263-9df0-2365df5f14bb,LAND,,0,BG,Land,Scryfall oracle_id dc55421f-dee8-4263-9df0-2365df5f14bb; repository audit 31853cfe91b52718dc3fb67f159e6267d9c5fcc1,TRUE,mtg-sets\2008-2016\src\main\kotlin\com\wingedsheep\mtg\sets\definitions\jou\cards\TempleOfMalady.kt,GENERATED,FALSE,,SUPPORTED_DEFINITION_TEST_UNCLEAR,mana_source,MANA_SOURCE_SELECTION,FALSE,FALSE,FALSE,FALSE,FALSE,Audit source 31853cfe91b52718dc3fb67f159e6267d9c5fcc1; upstream d66a5d7f1b46b0ed8891c34ccfe163d491c4ff3d. Generated/predictive definition; card-specific conformance remains unproven.,
Chevill,31,Forest,b34bb2dc-c1af-4d77-b0b3-a0fb342a5fc6,LAND,,0,G,Basic Land — Forest,Scryfall oracle_id b34bb2dc-c1af-4d77-b0b3-a0fb342a5fc6; repository audit 31853cfe91b52718dc3fb67f159e6267d9c5fcc1,TRUE,mtg-sets\1993-1999\src\main\kotlin\com\wingedsheep\mtg\sets\definitions\leb\cards\LimitedEditionBetaBasicLands.kt,HAND_AUTHORED,FALSE,,SUPPORTED_DEFINITION_TEST_UNCLEAR,mana_source,MANA_SOURCE_SELECTION,FALSE,FALSE,FALSE,FALSE,FALSE,Audit source 31853cfe91b52718dc3fb67f159e6267d9c5fcc1; upstream d66a5d7f1b46b0ed8891c34ccfe163d491c4ff3d. Hand-authored definition; no exact ScenarioTest found. Friendly replacement of Ideal slot card: Tainted Wood.,Tainted Wood
Chevill,32,Golgari Rot Farm,1b301478-b14f-4ef8-94e6-9647d582eabe,LAND,,0,BG,Land,Scryfall oracle_id 1b301478-b14f-4ef8-94e6-9647d582eabe; repository audit 31853cfe91b52718dc3fb67f159e6267d9c5fcc1,TRUE,mtg-sets\2003-2007\src\main\kotlin\com\wingedsheep\mtg\sets\definitions\rav\cards\GolgariRotFarm.kt,HAND_AUTHORED,FALSE,,SUPPORTED_DEFINITION_TEST_UNCLEAR,mana_source,MANA_SOURCE_SELECTION,FALSE,FALSE,FALSE,FALSE,FALSE,Audit source 31853cfe91b52718dc3fb67f159e6267d9c5fcc1; upstream d66a5d7f1b46b0ed8891c34ccfe163d491c4ff3d. Hand-authored definition; no exact ScenarioTest found.,
Chevill,33,Swamp,56719f6a-1a6c-4c0a-8d21-18f7d7350b68,LAND,,0,B,Basic Land — Swamp,Scryfall oracle_id 56719f6a-1a6c-4c0a-8d21-18f7d7350b68; repository audit 31853cfe91b52718dc3fb67f159e6267d9c5fcc1,TRUE,mtg-sets\1993-1999\src\main\kotlin\com\wingedsheep\mtg\sets\definitions\leb\cards\LimitedEditionBetaBasicLands.kt,HAND_AUTHORED,FALSE,,SUPPORTED_DEFINITION_TEST_UNCLEAR,mana_source,MANA_SOURCE_SELECTION,FALSE,FALSE,FALSE,FALSE,FALSE,Audit source 31853cfe91b52718dc3fb67f159e6267d9c5fcc1; upstream d66a5d7f1b46b0ed8891c34ccfe163d491c4ff3d. Hand-authored definition; no exact ScenarioTest found. Friendly replacement of Ideal slot card: Nurturing Peatland.,Nurturing Peatland
Chevill,34,Swamp,56719f6a-1a6c-4c0a-8d21-18f7d7350b68,LAND,,0,B,Basic Land — Swamp,Scryfall oracle_id 56719f6a-1a6c-4c0a-8d21-18f7d7350b68; repository audit 31853cfe91b52718dc3fb67f159e6267d9c5fcc1,TRUE,mtg-sets\1993-1999\src\main\kotlin\com\wingedsheep\mtg\sets\definitions\leb\cards\LimitedEditionBetaBasicLands.kt,HAND_AUTHORED,FALSE,,SUPPORTED_DEFINITION_TEST_UNCLEAR,mana_source,MANA_SOURCE_SELECTION,FALSE,FALSE,FALSE,FALSE,FALSE,Audit source 31853cfe91b52718dc3fb67f159e6267d9c5fcc1; upstream d66a5d7f1b46b0ed8891c34ccfe163d491c4ff3d. Hand-authored definition; no exact ScenarioTest found. Friendly replacement of Ideal slot card: Bojuka Bog.,Bojuka Bog
Chevill,35,Barren Moor,326ba371-124c-4949-a048-3a0c8962e567,LAND,,0,B,Land,Scryfall oracle_id 326ba371-124c-4949-a048-3a0c8962e567; repository audit 31853cfe91b52718dc3fb67f159e6267d9c5fcc1,TRUE,mtg-sets\2000-2002\src\main\kotlin\com\wingedsheep\mtg\sets\definitions\ons\cards\BarrenMoor.kt,HAND_AUTHORED,FALSE,,SUPPORTED_DEFINITION_TEST_UNCLEAR,mana_source,MANA_SOURCE_SELECTION,FALSE,FALSE,FALSE,FALSE,FALSE,Audit source 31853cfe91b52718dc3fb67f159e6267d9c5fcc1; upstream d66a5d7f1b46b0ed8891c34ccfe163d491c4ff3d. Hand-authored definition; no exact ScenarioTest found.,
Chevill,36,War Room,71c52bf5-2a5d-488e-8b15-7ef290e4b77d,LAND,,0,,Land,Scryfall oracle_id 71c52bf5-2a5d-488e-8b15-7ef290e4b77d; repository audit 31853cfe91b52718dc3fb67f159e6267d9c5fcc1,FALSE,,UNKNOWN,FALSE,,CARD_DEFINITION_MISSING,mana_source,MANA_SOURCE_SELECTION,FALSE,FALSE,FALSE,FALSE,FALSE,Audit source 31853cfe91b52718dc3fb67f159e6267d9c5fcc1; upstream d66a5d7f1b46b0ed8891c34ccfe163d491c4ff3d. No executable CardDefinition path found in current source index.,
Chevill,37,Swamp,56719f6a-1a6c-4c0a-8d21-18f7d7350b68,LAND,,0,B,Basic Land — Swamp,Scryfall oracle_id 56719f6a-1a6c-4c0a-8d21-18f7d7350b68; repository audit 31853cfe91b52718dc3fb67f159e6267d9c5fcc1,TRUE,mtg-sets\1993-1999\src\main\kotlin\com\wingedsheep\mtg\sets\definitions\leb\cards\LimitedEditionBetaBasicLands.kt,HAND_AUTHORED,FALSE,,SUPPORTED_DEFINITION_TEST_UNCLEAR,mana_source,MANA_SOURCE_SELECTION,FALSE,FALSE,FALSE,FALSE,FALSE,"Audit source 31853cfe91b52718dc3fb67f159e6267d9c5fcc1; upstream d66a5d7f1b46b0ed8891c34ccfe163d491c4ff3d. Hand-authored definition; no exact ScenarioTest found. Friendly replacement of Ideal slot card: Takenuma, Abandoned Mire.","Takenuma, Abandoned Mire"
Chevill,38,Bounty Hunter,2fd1cfc5-fbcd-4d31-ba8b-759d8c41b435,CREATURE_THREAT,COMBAT|REMOVAL|DEATHTOUCH,4,B,Creature — Human Archer Minion,Scryfall oracle_id 2fd1cfc5-fbcd-4d31-ba8b-759d8c41b435; repository audit 31853cfe91b52718dc3fb67f159e6267d9c5fcc1,FALSE,,UNKNOWN,FALSE,,CARD_DEFINITION_MISSING,activated_ability|bounty_counter|combat|destroy|target_selection,ATTACK|BLOCK|DAMAGE_ASSIGNMENT|PRIORITY_ACTION|TARGET,FALSE,FALSE,FALSE,FALSE,FALSE,Audit source 31853cfe91b52718dc3fb67f159e6267d9c5fcc1; upstream d66a5d7f1b46b0ed8891c34ccfe163d491c4ff3d. No executable CardDefinition path found in current source index.,
Chevill,39,Termination Facilitator,56edd306-8676-49c4-b3c3-5ff840536c3a,CREATURE_THREAT,COMBAT|REMOVAL|DEATHTOUCH,2,B,Creature — Human Assassin,Scryfall oracle_id 56edd306-8676-49c4-b3c3-5ff840536c3a; repository audit 31853cfe91b52718dc3fb67f159e6267d9c5fcc1,FALSE,,UNKNOWN,FALSE,,CARD_DEFINITION_MISSING,bounty_counter|combat|dies_trigger|marked_permanent,ATTACK|BLOCK|DAMAGE_ASSIGNMENT|PRIORITY_ACTION|TARGET,FALSE,FALSE,FALSE,FALSE,FALSE,Audit source 31853cfe91b52718dc3fb67f159e6267d9c5fcc1; upstream d66a5d7f1b46b0ed8891c34ccfe163d491c4ff3d. No executable CardDefinition path found in current source index.,
Chevill,40,Leyline Prowler,8ca3852a-fa37-46ef-a74d-3c7487ae50fc,CREATURE_THREAT,COMBAT|RAMP|DEATHTOUCH,3,BG,Creature — Nightmare Beast,Scryfall oracle_id 8ca3852a-fa37-46ef-a74d-3c7487ae50fc; repository audit 31853cfe91b52718dc3fb67f159e6267d9c5fcc1,FALSE,,UNKNOWN,FALSE,,CARD_DEFINITION_MISSING,combat|deathtouch|lifelink|mana_ability,ATTACK|BLOCK|DAMAGE_ASSIGNMENT|PRIORITY_ACTION,FALSE,FALSE,FALSE,FALSE,FALSE,Audit source 31853cfe91b52718dc3fb67f159e6267d9c5fcc1; upstream d66a5d7f1b46b0ed8891c34ccfe163d491c4ff3d. No executable CardDefinition path found in current source index.,
Chevill,41,Royal Assassin,9ed6f28f-a3db-48c5-9ab0-b90a7fba5f57,CREATURE_THREAT,COMBAT|REMOVAL|DEATHTOUCH,3,B,Creature — Human Assassin,Scryfall oracle_id 9ed6f28f-a3db-48c5-9ab0-b90a7fba5f57; repository audit 31853cfe91b52718dc3fb67f159e6267d9c5fcc1,TRUE,mtg-sets\1993-1999\src\main\kotlin\com\wingedsheep\mtg\sets\definitions\lea\cards\RoyalAssassin.kt,GENERATED,FALSE,,SUPPORTED_DEFINITION_TEST_UNCLEAR,activated_ability|combat|destroy|tapped_target,ATTACK|BLOCK|DAMAGE_ASSIGNMENT|PRIORITY_ACTION|TARGET,FALSE,FALSE,FALSE,FALSE,FALSE,Audit source 31853cfe91b52718dc3fb67f159e6267d9c5fcc1; upstream d66a5d7f1b46b0ed8891c34ccfe163d491c4ff3d. Generated/predictive definition; card-specific conformance remains unproven.,
Chevill,42,Hooded Blightfang,342eb666-838c-43d0-bf52-2f704f2a80e3,CREATURE_THREAT,COMBAT|REMOVAL|DEATHTOUCH,3,B,Creature — Snake,Scryfall oracle_id 342eb666-838c-43d0-bf52-2f704f2a80e3; repository audit 31853cfe91b52718dc3fb67f159e6267d9c5fcc1,FALSE,,UNKNOWN,FALSE,,CARD_DEFINITION_MISSING,attack_trigger|combat|deathtouch|life_loss,ATTACK|BLOCK|DAMAGE_ASSIGNMENT|PRIORITY_ACTION|TARGET,FALSE,FALSE,FALSE,FALSE,FALSE,Audit source 31853cfe91b52718dc3fb67f159e6267d9c5fcc1; upstream d66a5d7f1b46b0ed8891c34ccfe163d491c4ff3d. No executable CardDefinition path found in current source index.,
Chevill,43,Morbid Opportunist,322f44f0-e6da-4ee0-b474-e7d5e9a461c5,CREATURE_THREAT,COMBAT|CARD_ADVANTAGE,3,B,Creature — Human Rogue,Scryfall oracle_id 322f44f0-e6da-4ee0-b474-e7d5e9a461c5; repository audit 31853cfe91b52718dc3fb67f159e6267d9c5fcc1,TRUE,mtg-sets\2017-2022\src\main\kotlin\com\wingedsheep\mtg\sets\definitions\mid\cards\MorbidOpportunist.kt,HAND_AUTHORED,FALSE,,SUPPORTED_DEFINITION_TEST_UNCLEAR,combat|dies_trigger|draw|once_per_turn,ATTACK|BLOCK|CARD_SELECTION|DAMAGE_ASSIGNMENT|PRIORITY_ACTION,FALSE,FALSE,FALSE,FALSE,FALSE,Audit source 31853cfe91b52718dc3fb67f159e6267d9c5fcc1; upstream d66a5d7f1b46b0ed8891c34ccfe163d491c4ff3d. Hand-authored definition; no exact ScenarioTest found.,
Chevill,44,Harvester of Souls,5987ce77-10ad-4871-900a-5a005fcf4955,CREATURE_THREAT,COMBAT|CARD_ADVANTAGE,6,B,Creature — Demon,Scryfall oracle_id 5987ce77-10ad-4871-900a-5a005fcf4955; repository audit 31853cfe91b52718dc3fb67f159e6267d9c5fcc1,TRUE,mtg-sets\2008-2016\src\main\kotlin\com\wingedsheep\mtg\sets\definitions\avr\cards\HarvesterOfSouls.kt,HAND_AUTHORED,TRUE,mtg-sets\2008-2016\tests\src\test\kotlin\com\wingedsheep\engine\scenarios\HarvesterOfSoulsScenarioTest.kt,SUPPORTED_AND_TESTED,combat|dies_trigger|draw,ATTACK|BLOCK|CARD_SELECTION|DAMAGE_ASSIGNMENT|PRIORITY_ACTION,FALSE,FALSE,FALSE,FALSE,FALSE,Audit source 31853cfe91b52718dc3fb67f159e6267d9c5fcc1; upstream d66a5d7f1b46b0ed8891c34ccfe163d491c4ff3d. Hand-authored definition with exact ScenarioTest.,
Chevill,45,Viscera Seer,f82a4e85-526d-4456-b700-7760043a31be,CREATURE_THREAT,COMBAT,1,B,Creature — Vampire Wizard,Scryfall oracle_id f82a4e85-526d-4456-b700-7760043a31be; repository audit 31853cfe91b52718dc3fb67f159e6267d9c5fcc1,FALSE,,UNKNOWN,FALSE,,CARD_DEFINITION_MISSING,activated_ability|combat|sacrifice_as_cost|scry,ATTACK|BLOCK|CARD_SELECTION|DAMAGE_ASSIGNMENT|PAYMENT|PRIORITY_ACTION,FALSE,FALSE,FALSE,FALSE,FALSE,Audit source 31853cfe91b52718dc3fb67f159e6267d9c5fcc1; upstream d66a5d7f1b46b0ed8891c34ccfe163d491c4ff3d. No executable CardDefinition path found in current source index.,
Chevill,46,Fleshbag Marauder,4b1bf05e-753e-4350-a913-894cf3cecc0c,CREATURE_THREAT,COMBAT|REMOVAL,3,B,Creature — Zombie Warrior,Scryfall oracle_id 4b1bf05e-753e-4350-a913-894cf3cecc0c; repository audit 31853cfe91b52718dc3fb67f159e6267d9c5fcc1,FALSE,,UNKNOWN,FALSE,,CARD_DEFINITION_MISSING,combat|edict|etb|sacrifice,ATTACK|BLOCK|DAMAGE_ASSIGNMENT|PRIORITY_ACTION|TARGET,FALSE,FALSE,FALSE,FALSE,FALSE,Audit source 31853cfe91b52718dc3fb67f159e6267d9c5fcc1; upstream d66a5d7f1b46b0ed8891c34ccfe163d491c4ff3d. No executable CardDefinition path found in current source index.,
Chevill,47,Plaguecrafter,2e3ee458-fa3f-4452-ab95-5a7fb5a0483b,CREATURE_THREAT,COMBAT|REMOVAL,3,B,Creature — Human Shaman,Scryfall oracle_id 2e3ee458-fa3f-4452-ab95-5a7fb5a0483b; repository audit 31853cfe91b52718dc3fb67f159e6267d9c5fcc1,FALSE,,UNKNOWN,FALSE,,CARD_DEFINITION_MISSING,combat|edict|etb|planeswalker|sacrifice,ATTACK|BLOCK|DAMAGE_ASSIGNMENT|PRIORITY_ACTION|TARGET,FALSE,FALSE,FALSE,FALSE,FALSE,Audit source 31853cfe91b52718dc3fb67f159e6267d9c5fcc1; upstream d66a5d7f1b46b0ed8891c34ccfe163d491c4ff3d. No executable CardDefinition path found in current source index.,
Chevill,48,Ravenous Chupacabra,7b459306-149b-4f43-abc1-2dd70c748c0e,CREATURE_THREAT,COMBAT|REMOVAL,4,B,Creature — Beast Horror,Scryfall oracle_id 7b459306-149b-4f43-abc1-2dd70c748c0e; repository audit 31853cfe91b52718dc3fb67f159e6267d9c5fcc1,FALSE,,UNKNOWN,FALSE,,CARD_DEFINITION_MISSING,combat|destroy|etb|target_selection,ATTACK|BLOCK|DAMAGE_ASSIGNMENT|PRIORITY_ACTION|TARGET,FALSE,FALSE,FALSE,FALSE,FALSE,Audit source 31853cfe91b52718dc3fb67f159e6267d9c5fcc1; upstream d66a5d7f1b46b0ed8891c34ccfe163d491c4ff3d. No executable CardDefinition path found in current source index.,
Chevill,49,Reclamation Sage,032ec6e2-6cc3-4a97-9cc7-3233f5e11904,CREATURE_THREAT,COMBAT|REMOVAL,3,G,Creature — Elf Shaman,Scryfall oracle_id 032ec6e2-6cc3-4a97-9cc7-3233f5e11904; repository audit 31853cfe91b52718dc3fb67f159e6267d9c5fcc1,TRUE,mtg-sets\2008-2016\src\main\kotlin\com\wingedsheep\mtg\sets\definitions\m15\cards\ReclamationSage.kt,GENERATED,FALSE,,SUPPORTED_DEFINITION_TEST_UNCLEAR,artifact_enchantment_removal|combat|etb,ATTACK|BLOCK|DAMAGE_ASSIGNMENT|PRIORITY_ACTION|TARGET,FALSE,FALSE,FALSE,FALSE,FALSE,Audit source 31853cfe91b52718dc3fb67f159e6267d9c5fcc1; upstream d66a5d7f1b46b0ed8891c34ccfe163d491c4ff3d. Generated/predictive definition; card-specific conformance remains unproven.,
Chevill,50,Acidic Slime,21f45043-5419-4019-8b6c-e5294bd5f549,CREATURE_THREAT,COMBAT|REMOVAL|DEATHTOUCH,5,G,Creature — Ooze,Scryfall oracle_id 21f45043-5419-4019-8b6c-e5294bd5f549; repository audit 31853cfe91b52718dc3fb67f159e6267d9c5fcc1,FALSE,,UNKNOWN,FALSE,,CARD_DEFINITION_MISSING,artifact_enchantment_removal|combat|deathtouch|etb|land_destruction,ATTACK|BLOCK|DAMAGE_ASSIGNMENT|PRIORITY_ACTION|TARGET,FALSE,FALSE,FALSE,FALSE,FALSE,Audit source 31853cfe91b52718dc3fb67f159e6267d9c5fcc1; upstream d66a5d7f1b46b0ed8891c34ccfe163d491c4ff3d. No executable CardDefinition path found in current source index.,
Chevill,51,Eternal Witness,30b24e8e-3b0e-4d8e-90f3-f66eb7c1858c,CREATURE_THREAT,COMBAT|RECURSION,3,G,Creature — Human Shaman,Scryfall oracle_id 30b24e8e-3b0e-4d8e-90f3-f66eb7c1858c; repository audit 31853cfe91b52718dc3fb67f159e6267d9c5fcc1,TRUE,mtg-sets\2003-2007\src\main\kotlin\com\wingedsheep\mtg\sets\definitions\5dn\cards\EternalWitness.kt,GENERATED,TRUE,mtg-sets\2003-2007\tests\src\test\kotlin\com\wingedsheep\engine\scenarios\EternalWitnessScenarioTest.kt,SUPPORTED_DEFINITION_TEST_UNCLEAR,card_selection|combat|etb|graveyard_recursion,ATTACK|BLOCK|DAMAGE_ASSIGNMENT|PRIORITY_ACTION,FALSE,FALSE,FALSE,FALSE,FALSE,Audit source 31853cfe91b52718dc3fb67f159e6267d9c5fcc1; upstream d66a5d7f1b46b0ed8891c34ccfe163d491c4ff3d. Generated/predictive definition; card-specific conformance remains unproven.,
Chevill,52,Sakura-Tribe Elder,e3afc704-220f-498f-9eaa-0821b17dc24c,CREATURE_THREAT,COMBAT|RAMP,2,G,Creature — Snake Shaman,Scryfall oracle_id e3afc704-220f-498f-9eaa-0821b17dc24c; repository audit 31853cfe91b52718dc3fb67f159e6267d9c5fcc1,TRUE,mtg-sets\2003-2007\src\main\kotlin\com\wingedsheep\mtg\sets\definitions\chk\cards\SakuraTribeElder.kt,GENERATED,FALSE,,SUPPORTED_DEFINITION_TEST_UNCLEAR,combat|land|sacrifice_as_cost|search|shuffle,ATTACK|BLOCK|DAMAGE_ASSIGNMENT|PAYMENT|PRIORITY_ACTION|SEARCH,FALSE,FALSE,FALSE,FALSE,FALSE,Audit source 31853cfe91b52718dc3fb67f159e6267d9c5fcc1; upstream d66a5d7f1b46b0ed8891c34ccfe163d491c4ff3d. Generated/predictive definition; card-specific conformance remains unproven.,
Chevill,53,Llanowar Elves,68954295-54e3-4303-a6bc-fc4547a4e3a3,CREATURE_THREAT,COMBAT|RAMP,1,G,Creature — Elf Druid,Scryfall oracle_id 68954295-54e3-4303-a6bc-fc4547a4e3a3; repository audit 31853cfe91b52718dc3fb67f159e6267d9c5fcc1,TRUE,mtg-sets\1993-1999\src\main\kotlin\com\wingedsheep\mtg\sets\definitions\lea\cards\LlanowarElves.kt,HAND_AUTHORED,FALSE,,SUPPORTED_DEFINITION_TEST_UNCLEAR,combat|mana_ability,ATTACK|BLOCK|DAMAGE_ASSIGNMENT|PRIORITY_ACTION,FALSE,FALSE,FALSE,FALSE,FALSE,Audit source 31853cfe91b52718dc3fb67f159e6267d9c5fcc1; upstream d66a5d7f1b46b0ed8891c34ccfe163d491c4ff3d. Hand-authored definition; no exact ScenarioTest found.,
Chevill,54,Elvish Mystic,3f3b2c10-21f8-4e13-be83-4ef3fa36e123,CREATURE_THREAT,COMBAT|RAMP,1,G,Creature — Elf Druid,Scryfall oracle_id 3f3b2c10-21f8-4e13-be83-4ef3fa36e123; repository audit 31853cfe91b52718dc3fb67f159e6267d9c5fcc1,FALSE,,UNKNOWN,FALSE,,CARD_DEFINITION_MISSING,combat|mana_ability,ATTACK|BLOCK|DAMAGE_ASSIGNMENT|PRIORITY_ACTION,FALSE,FALSE,FALSE,FALSE,FALSE,Audit source 31853cfe91b52718dc3fb67f159e6267d9c5fcc1; upstream d66a5d7f1b46b0ed8891c34ccfe163d491c4ff3d. No executable CardDefinition path found in current source index.,
Chevill,55,Wood Elves,8973bd99-20f8-4867-90ef-50392147ee1b,CREATURE_THREAT,COMBAT|RAMP,3,G,Creature — Elf Scout,Scryfall oracle_id 8973bd99-20f8-4867-90ef-50392147ee1b; repository audit 31853cfe91b52718dc3fb67f159e6267d9c5fcc1,TRUE,mtg-sets\1993-1999\src\main\kotlin\com\wingedsheep\mtg\sets\definitions\por\cards\WoodElves.kt,GENERATED,FALSE,,SUPPORTED_DEFINITION_TEST_UNCLEAR,combat|etb|land|search,ATTACK|BLOCK|DAMAGE_ASSIGNMENT|PRIORITY_ACTION|SEARCH,FALSE,FALSE,FALSE,FALSE,FALSE,Audit source 31853cfe91b52718dc3fb67f159e6267d9c5fcc1; upstream d66a5d7f1b46b0ed8891c34ccfe163d491c4ff3d. Generated/predictive definition; card-specific conformance remains unproven.,
Chevill,56,Scavenging Ooze,1ff25f67-36a7-4cfa-a2b1-2135b5b6fb67,CREATURE_THREAT,COMBAT,2,G,Creature — Ooze,Scryfall oracle_id 1ff25f67-36a7-4cfa-a2b1-2135b5b6fb67; repository audit 31853cfe91b52718dc3fb67f159e6267d9c5fcc1,TRUE,mtg-sets\2008-2016\src\main\kotlin\com\wingedsheep\mtg\sets\definitions\cmd\cards\ScavengingOoze.kt,HAND_AUTHORED,FALSE,,SUPPORTED_DEFINITION_TEST_UNCLEAR,activated_ability|combat|graveyard_exile|life_gain|plus_one_counter,ATTACK|BLOCK|DAMAGE_ASSIGNMENT|PRIORITY_ACTION,FALSE,FALSE,FALSE,FALSE,FALSE,Audit source 31853cfe91b52718dc3fb67f159e6267d9c5fcc1; upstream d66a5d7f1b46b0ed8891c34ccfe163d491c4ff3d. Hand-authored definition; no exact ScenarioTest found.,
Chevill,57,Tireless Tracker,e6555cca-e608-4c87-b835-9cd47fd1f543,CREATURE_THREAT,COMBAT,3,G,Creature — Human Scout,Scryfall oracle_id e6555cca-e608-4c87-b835-9cd47fd1f543; repository audit 31853cfe91b52718dc3fb67f159e6267d9c5fcc1,TRUE,mtg-sets\2008-2016\src\main\kotlin\com\wingedsheep\mtg\sets\definitions\soi\cards\TirelessTracker.kt,HAND_AUTHORED,FALSE,,SUPPORTED_DEFINITION_TEST_UNCLEAR,card_selection|clue_token|combat|landfall,ATTACK|BLOCK|CARD_SELECTION|DAMAGE_ASSIGNMENT|PRIORITY_ACTION,FALSE,FALSE,FALSE,FALSE,FALSE,Audit source 31853cfe91b52718dc3fb67f159e6267d9c5fcc1; upstream d66a5d7f1b46b0ed8891c34ccfe163d491c4ff3d. Hand-authored definition; no exact ScenarioTest found.,
Chevill,58,"Toski, Bearer of Secrets",a8e707ec-ce77-4bc5-8c76-5ea3e81e8c7f,CREATURE_THREAT,COMBAT|CARD_ADVANTAGE,4,G,Legendary Creature — Squirrel,Scryfall oracle_id a8e707ec-ce77-4bc5-8c76-5ea3e81e8c7f; repository audit 31853cfe91b52718dc3fb67f159e6267d9c5fcc1,FALSE,,UNKNOWN,FALSE,,CARD_DEFINITION_MISSING,combat|combat_damage_trigger|draw|indestructible,ATTACK|BLOCK|CARD_SELECTION|DAMAGE_ASSIGNMENT|PRIORITY_ACTION,FALSE,FALSE,FALSE,FALSE,FALSE,Audit source 31853cfe91b52718dc3fb67f159e6267d9c5fcc1; upstream d66a5d7f1b46b0ed8891c34ccfe163d491c4ff3d. No executable CardDefinition path found in current source index.,
Chevill,59,Ohran Frostfang,b99ada26-9a61-4175-9fb8-15a106960220,CREATURE_THREAT,COMBAT|CARD_ADVANTAGE|DEATHTOUCH,5,G,Snow Creature — Snake,Scryfall oracle_id b99ada26-9a61-4175-9fb8-15a106960220; repository audit 31853cfe91b52718dc3fb67f159e6267d9c5fcc1,FALSE,,UNKNOWN,FALSE,,CARD_DEFINITION_MISSING,attack_trigger|combat|deathtouch|draw,ATTACK|BLOCK|CARD_SELECTION|DAMAGE_ASSIGNMENT|PRIORITY_ACTION,FALSE,FALSE,FALSE,FALSE,FALSE,Audit source 31853cfe91b52718dc3fb67f159e6267d9c5fcc1; upstream d66a5d7f1b46b0ed8891c34ccfe163d491c4ff3d. No executable CardDefinition path found in current source index.,
Chevill,60,"Glissa, the Traitor",cafacba9-195c-44ea-ba80-3e489274759c,CREATURE_THREAT,COMBAT|RECURSION|DEATHTOUCH,3,BG,Legendary Creature — Phyrexian Zombie Elf,Scryfall oracle_id cafacba9-195c-44ea-ba80-3e489274759c; repository audit 31853cfe91b52718dc3fb67f159e6267d9c5fcc1,FALSE,,UNKNOWN,FALSE,,CARD_DEFINITION_MISSING,artifact_recursion|combat|deathtouch|dies_trigger|first_strike,ATTACK|BLOCK|DAMAGE_ASSIGNMENT|PRIORITY_ACTION,FALSE,FALSE,FALSE,FALSE,FALSE,Audit source 31853cfe91b52718dc3fb67f159e6267d9c5fcc1; upstream d66a5d7f1b46b0ed8891c34ccfe163d491c4ff3d. No executable CardDefinition path found in current source index.,
Chevill,61,Naturalize,bdb3ca68-ec1f-4e16-81cc-d23f8f52c728,REMOVAL,,2,G,Instant,Scryfall oracle_id bdb3ca68-ec1f-4e16-81cc-d23f8f52c728; repository audit 31853cfe91b52718dc3fb67f159e6267d9c5fcc1,TRUE,mtg-sets\2000-2002\src\main\kotlin\com\wingedsheep\mtg\sets\definitions\ons\cards\Naturalize.kt,HAND_AUTHORED,FALSE,,SUPPORTED_DEFINITION_TEST_UNCLEAR,artifact_enchantment_removal|target_selection|targeted_removal,PAYMENT|PRIORITY_ACTION|TARGET,FALSE,FALSE,FALSE,FALSE,FALSE,Audit source 31853cfe91b52718dc3fb67f159e6267d9c5fcc1; upstream d66a5d7f1b46b0ed8891c34ccfe163d491c4ff3d. Hand-authored definition; no exact ScenarioTest found. Friendly replacement of Ideal slot card: Cankerbloom.,Cankerbloom
Chevill,62,Outland Liberator // Frenzied Trapbreaker,9545f126-062f-4410-a362-e16255a128d6,CREATURE_THREAT,COMBAT|REMOVAL,2,G,Creature — Human Werewolf // Creature — Werewolf,Scryfall oracle_id 9545f126-062f-4410-a362-e16255a128d6; repository audit 31853cfe91b52718dc3fb67f159e6267d9c5fcc1,FALSE,,UNKNOWN,FALSE,,CARD_DEFINITION_MISSING,artifact_enchantment_removal|attack_trigger|combat|transform,ATTACK|BLOCK|DAMAGE_ASSIGNMENT|MODE|PRIORITY_ACTION|TARGET,FALSE,FALSE,FALSE,FALSE,FALSE,Audit source 31853cfe91b52718dc3fb67f159e6267d9c5fcc1; upstream d66a5d7f1b46b0ed8891c34ccfe163d491c4ff3d. No executable CardDefinition path found in current source index.,
Chevill,63,Garruk's Packleader,13279222-422d-4447-9451-2463b0c714c6,CREATURE_THREAT,COMBAT|CARD_ADVANTAGE,5,G,Creature — Beast,Scryfall oracle_id 13279222-422d-4447-9451-2463b0c714c6; repository audit 31853cfe91b52718dc3fb67f159e6267d9c5fcc1,TRUE,mtg-sets\2024\src\main\kotlin\com\wingedsheep\mtg\sets\definitions\blc\cards\GarruksPackleader.kt,HAND_AUTHORED,FALSE,,SUPPORTED_DEFINITION_TEST_UNCLEAR,combat|creature_entered|draw|power_condition,ATTACK|BLOCK|CARD_SELECTION|DAMAGE_ASSIGNMENT|PRIORITY_ACTION,FALSE,FALSE,FALSE,FALSE,FALSE,Audit source 31853cfe91b52718dc3fb67f159e6267d9c5fcc1; upstream d66a5d7f1b46b0ed8891c34ccfe163d491c4ff3d. Hand-authored definition; no exact ScenarioTest found. Friendly replacement of Ideal slot card: Beast Whisperer.,Beast Whisperer
Chevill,64,Viridian Longbow,8b9119b0-9948-497f-aa92-2879d07bed1c,SYNERGY_ENGINE,EQUIPMENT|REMOVAL,1,,Artifact — Equipment,Scryfall oracle_id 8b9119b0-9948-497f-aa92-2879d07bed1c; repository audit 31853cfe91b52718dc3fb67f159e6267d9c5fcc1,TRUE,mtg-sets\2003-2007\src\main\kotlin\com\wingedsheep\mtg\sets\definitions\mrd\cards\ViridianLongbow.kt,HAND_AUTHORED,TRUE,mtg-sets\2003-2007\tests\src\test\kotlin\com\wingedsheep\engine\scenarios\ViridianLongbowScenarioTest.kt,SUPPORTED_AND_TESTED,activated_ability|damage|deathtouch|equip|equipment,PAYMENT|PRIORITY_ACTION|TARGET,FALSE,FALSE,FALSE,FALSE,FALSE,Audit source 31853cfe91b52718dc3fb67f159e6267d9c5fcc1; upstream d66a5d7f1b46b0ed8891c34ccfe163d491c4ff3d. Hand-authored definition with exact ScenarioTest.,
Chevill,65,Arcane Signet,0bc7f093-bef0-4f1a-852c-4b75ebf54838,RAMP,,2,,Artifact,Scryfall oracle_id 0bc7f093-bef0-4f1a-852c-4b75ebf54838; repository audit 31853cfe91b52718dc3fb67f159e6267d9c5fcc1,TRUE,mtg-sets\2024\src\main\kotlin\com\wingedsheep\mtg\sets\definitions\blc\cards\ArcaneSignet.kt,HAND_AUTHORED,FALSE,,SUPPORTED_DEFINITION_TEST_UNCLEAR,mana_acceleration,MANA_SOURCE_SELECTION|PAYMENT|PRIORITY_ACTION,FALSE,FALSE,FALSE,FALSE,FALSE,Audit source 31853cfe91b52718dc3fb67f159e6267d9c5fcc1; upstream d66a5d7f1b46b0ed8891c34ccfe163d491c4ff3d. Hand-authored definition; no exact ScenarioTest found.,
Chevill,66,Golgari Signet,1cf51f50-24e4-48d0-95b3-1dad3ffa4bf5,RAMP,,2,BG,Artifact,Scryfall oracle_id 1cf51f50-24e4-48d0-95b3-1dad3ffa4bf5; repository audit 31853cfe91b52718dc3fb67f159e6267d9c5fcc1,TRUE,mtg-sets\2003-2007\src\main\kotlin\com\wingedsheep\mtg\sets\definitions\rav\cards\GolgariSignet.kt,GENERATED,FALSE,,SUPPORTED_DEFINITION_TEST_UNCLEAR,mana_acceleration,MANA_SOURCE_SELECTION|PAYMENT|PRIORITY_ACTION,FALSE,FALSE,FALSE,FALSE,FALSE,Audit source 31853cfe91b52718dc3fb67f159e6267d9c5fcc1; upstream d66a5d7f1b46b0ed8891c34ccfe163d491c4ff3d. Generated/predictive definition; card-specific conformance remains unproven.,
Chevill,67,Talisman of Resilience,42b8aa14-10bc-4bd6-88d9-4bb287eadd19,RAMP,,2,BG,Artifact,Scryfall oracle_id 42b8aa14-10bc-4bd6-88d9-4bb287eadd19; repository audit 31853cfe91b52718dc3fb67f159e6267d9c5fcc1,FALSE,,UNKNOWN,FALSE,,CARD_DEFINITION_MISSING,mana_acceleration,MANA_SOURCE_SELECTION|PAYMENT|PRIORITY_ACTION,FALSE,FALSE,FALSE,FALSE,FALSE,Audit source 31853cfe91b52718dc3fb67f159e6267d9c5fcc1; upstream d66a5d7f1b46b0ed8891c34ccfe163d491c4ff3d. No executable CardDefinition path found in current source index.,
Chevill,68,Mind Stone,c97361b5-af16-4a7b-af85-a429dbaf4ad2,RAMP,,2,,Artifact,Scryfall oracle_id c97361b5-af16-4a7b-af85-a429dbaf4ad2; repository audit 31853cfe91b52718dc3fb67f159e6267d9c5fcc1,TRUE,mtg-sets\1993-1999\src\main\kotlin\com\wingedsheep\mtg\sets\definitions\wth\cards\MindStone.kt,HAND_AUTHORED,FALSE,,SUPPORTED_AND_TESTED,mana_acceleration,MANA_SOURCE_SELECTION|PAYMENT|PRIORITY_ACTION,FALSE,FALSE,FALSE,FALSE,FALSE,Audit source 31853cfe91b52718dc3fb67f159e6267d9c5fcc1; upstream d66a5d7f1b46b0ed8891c34ccfe163d491c4ff3d. Hand-authored definition; MindStoneScenarioTest proves both activated abilities.,
Chevill,69,Nature's Lore,78826359-fe63-44ad-adc4-a17ffcd710e4,RAMP,,2,G,Sorcery,Scryfall oracle_id 78826359-fe63-44ad-adc4-a17ffcd710e4; repository audit 31853cfe91b52718dc3fb67f159e6267d9c5fcc1,TRUE,mtg-sets\1993-1999\src\main\kotlin\com\wingedsheep\mtg\sets\definitions\ice\cards\NaturesLore.kt,GENERATED,FALSE,,SUPPORTED_DEFINITION_TEST_UNCLEAR,land|mana_acceleration|search|shuffle,MANA_SOURCE_SELECTION|PAYMENT|PRIORITY_ACTION|SEARCH,FALSE,FALSE,FALSE,FALSE,FALSE,Audit source 31853cfe91b52718dc3fb67f159e6267d9c5fcc1; upstream d66a5d7f1b46b0ed8891c34ccfe163d491c4ff3d. Generated/predictive definition; card-specific conformance remains unproven.,
Chevill,70,Farseek,495e52e6-4c2b-4574-9474-eadbdcc8b4ac,RAMP,,2,G,Sorcery,Scryfall oracle_id 495e52e6-4c2b-4574-9474-eadbdcc8b4ac; repository audit 31853cfe91b52718dc3fb67f159e6267d9c5fcc1,TRUE,mtg-sets\2003-2007\src\main\kotlin\com\wingedsheep\mtg\sets\definitions\rav\cards\Farseek.kt,GENERATED,FALSE,,SUPPORTED_DEFINITION_TEST_UNCLEAR,land|mana_acceleration|search|shuffle,MANA_SOURCE_SELECTION|PAYMENT|PRIORITY_ACTION|SEARCH,FALSE,FALSE,FALSE,FALSE,FALSE,Audit source 31853cfe91b52718dc3fb67f159e6267d9c5fcc1; upstream d66a5d7f1b46b0ed8891c34ccfe163d491c4ff3d. Generated/predictive definition; card-specific conformance remains unproven.,
Chevill,71,Rampant Growth,8539f295-5d58-4436-a73a-b9277c4c7795,RAMP,,2,G,Sorcery,Scryfall oracle_id 8539f295-5d58-4436-a73a-b9277c4c7795; repository audit 31853cfe91b52718dc3fb67f159e6267d9c5fcc1,TRUE,mtg-sets\1993-1999\src\main\kotlin\com\wingedsheep\mtg\sets\definitions\mir\cards\RampantGrowth.kt,GENERATED,FALSE,,SUPPORTED_DEFINITION_TEST_UNCLEAR,land|mana_acceleration|search|shuffle,MANA_SOURCE_SELECTION|PAYMENT|PRIORITY_ACTION|SEARCH,FALSE,FALSE,FALSE,FALSE,FALSE,Audit source 31853cfe91b52718dc3fb67f159e6267d9c5fcc1; upstream d66a5d7f1b46b0ed8891c34ccfe163d491c4ff3d. Generated/predictive definition; card-specific conformance remains unproven.,
Chevill,72,Sign in Blood,c6207f6a-a624-4754-88f5-dbe700c841ff,CARD_ADVANTAGE,CARD_SELECTION,2,B,Sorcery,Scryfall oracle_id c6207f6a-a624-4754-88f5-dbe700c841ff; repository audit 31853cfe91b52718dc3fb67f159e6267d9c5fcc1,FALSE,,UNKNOWN,FALSE,,CARD_DEFINITION_MISSING,draw,CARD_SELECTION|PRIORITY_ACTION,FALSE,FALSE,FALSE,FALSE,FALSE,Audit source 31853cfe91b52718dc3fb67f159e6267d9c5fcc1; upstream d66a5d7f1b46b0ed8891c34ccfe163d491c4ff3d. No executable CardDefinition path found in current source index.,
Chevill,73,Night's Whisper,7ffae8f8-3006-4969-a339-6d30678f87ea,CARD_ADVANTAGE,CARD_SELECTION,2,B,Sorcery,Scryfall oracle_id 7ffae8f8-3006-4969-a339-6d30678f87ea; repository audit 31853cfe91b52718dc3fb67f159e6267d9c5fcc1,TRUE,mtg-sets\2003-2007\src\main\kotlin\com\wingedsheep\mtg\sets\definitions\5dn\cards\NightsWhisper.kt,GENERATED,FALSE,,SUPPORTED_DEFINITION_TEST_UNCLEAR,draw,CARD_SELECTION|PRIORITY_ACTION,FALSE,FALSE,FALSE,FALSE,FALSE,Audit source 31853cfe91b52718dc3fb67f159e6267d9c5fcc1; upstream d66a5d7f1b46b0ed8891c34ccfe163d491c4ff3d. Generated/predictive definition; card-specific conformance remains unproven.,
Chevill,74,Read the Bones,5bf4d8d9-a2b2-4dba-ac05-9d4470a89db2,CARD_ADVANTAGE,CARD_SELECTION,3,B,Sorcery,Scryfall oracle_id 5bf4d8d9-a2b2-4dba-ac05-9d4470a89db2; repository audit 31853cfe91b52718dc3fb67f159e6267d9c5fcc1,FALSE,,UNKNOWN,FALSE,,CARD_DEFINITION_MISSING,draw,CARD_SELECTION|PRIORITY_ACTION,FALSE,FALSE,FALSE,FALSE,FALSE,Audit source 31853cfe91b52718dc3fb67f159e6267d9c5fcc1; upstream d66a5d7f1b46b0ed8891c34ccfe163d491c4ff3d. No executable CardDefinition path found in current source index.,
Chevill,75,Phyrexian Arena,ee579a32-a048-4335-b966-231ba731cdea,CARD_ADVANTAGE,CARD_SELECTION,3,B,Enchantment,Scryfall oracle_id ee579a32-a048-4335-b966-231ba731cdea; repository audit 31853cfe91b52718dc3fb67f159e6267d9c5fcc1,TRUE,mtg-sets\2000-2002\src\main\kotlin\com\wingedsheep\mtg\sets\definitions\apc\cards\PhyrexianArena.kt,GENERATED,FALSE,,SUPPORTED_DEFINITION_TEST_UNCLEAR,draw|life_loss|upkeep_trigger,CARD_SELECTION|PRIORITY_ACTION,FALSE,FALSE,FALSE,FALSE,FALSE,Audit source 31853cfe91b52718dc3fb67f159e6267d9c5fcc1; upstream d66a5d7f1b46b0ed8891c34ccfe163d491c4ff3d. Generated/predictive definition; card-specific conformance remains unproven.,
Chevill,76,Deathreap Ritual,b26e3596-5b28-4eb6-b3e2-03f63d8c6d49,CARD_ADVANTAGE,CARD_SELECTION,4,BG,Enchantment,Scryfall oracle_id b26e3596-5b28-4eb6-b3e2-03f63d8c6d49; repository audit 31853cfe91b52718dc3fb67f159e6267d9c5fcc1,FALSE,,UNKNOWN,FALSE,,CARD_DEFINITION_MISSING,draw|end_step_trigger|morbid,CARD_SELECTION|PRIORITY_ACTION,FALSE,FALSE,FALSE,FALSE,FALSE,Audit source 31853cfe91b52718dc3fb67f159e6267d9c5fcc1; upstream d66a5d7f1b46b0ed8891c34ccfe163d491c4ff3d. No executable CardDefinition path found in current source index.,
Chevill,77,Moldervine Reclamation,68639a3d-2192-4921-8298-c76bb0cd6b02,CARD_ADVANTAGE,CARD_SELECTION,5,BG,Enchantment,Scryfall oracle_id 68639a3d-2192-4921-8298-c76bb0cd6b02; repository audit 31853cfe91b52718dc3fb67f159e6267d9c5fcc1,FALSE,,UNKNOWN,FALSE,,CARD_DEFINITION_MISSING,dies_trigger|draw|life_gain,CARD_SELECTION|PRIORITY_ACTION,FALSE,FALSE,FALSE,FALSE,FALSE,Audit source 31853cfe91b52718dc3fb67f159e6267d9c5fcc1; upstream d66a5d7f1b46b0ed8891c34ccfe163d491c4ff3d. No executable CardDefinition path found in current source index.,
Chevill,78,"Garruk Relentless // Garruk, the Veil-Cursed",7cec9021-6f25-4fd8-b40e-adf4ffd3a7b8,UTILITY,,4,BG,Legendary Planeswalker — Garruk // Legendary Planeswalker — Garruk,Scryfall oracle_id 7cec9021-6f25-4fd8-b40e-adf4ffd3a7b8; repository audit 31853cfe91b52718dc3fb67f159e6267d9c5fcc1,TRUE,mtg-sets\2008-2016\src\main\kotlin\com\wingedsheep\mtg\sets\definitions\isd\cards\GarrukRelentless.kt,HAND_AUTHORED,TRUE,mtg-sets\2008-2016\tests\src\test\kotlin\com\wingedsheep\engine\scenarios\GarrukRelentlessScenarioTest.kt,SUPPORTED_AND_TESTED,fight|planeswalker|removal|token_creation|transform,MODE,FALSE,FALSE,FALSE,FALSE,FALSE,"Audit source 31853cfe91b52718dc3fb67f159e6267d9c5fcc1; upstream d66a5d7f1b46b0ed8891c34ccfe163d491c4ff3d. Hand-authored definition with exact ScenarioTest. Friendly replacement of Ideal slot card: Vraska, Golgari Queen.","Vraska, Golgari Queen"
Chevill,79,Plumb the Forbidden,b099fc54-cdbc-46cb-b4e4-7c2ca77b115b,CARD_ADVANTAGE,CARD_SELECTION,2,B,Instant,Scryfall oracle_id b099fc54-cdbc-46cb-b4e4-7c2ca77b115b; repository audit 31853cfe91b52718dc3fb67f159e6267d9c5fcc1,FALSE,,UNKNOWN,FALSE,,CARD_DEFINITION_MISSING,copy_effect|draw|sacrifice_as_cost,CARD_SELECTION|PAYMENT|PRIORITY_ACTION,FALSE,FALSE,FALSE,FALSE,FALSE,Audit source 31853cfe91b52718dc3fb67f159e6267d9c5fcc1; upstream d66a5d7f1b46b0ed8891c34ccfe163d491c4ff3d. No executable CardDefinition path found in current source index.,
Chevill,80,Guardian Project,4f9e07ae-6341-4b46-9f77-f17ab659d266,CARD_ADVANTAGE,CARD_SELECTION,4,G,Enchantment,Scryfall oracle_id 4f9e07ae-6341-4b46-9f77-f17ab659d266; repository audit 31853cfe91b52718dc3fb67f159e6267d9c5fcc1,FALSE,,UNKNOWN,FALSE,,CARD_DEFINITION_MISSING,creature_entered|draw,CARD_SELECTION|PRIORITY_ACTION,FALSE,FALSE,FALSE,FALSE,FALSE,Audit source 31853cfe91b52718dc3fb67f159e6267d9c5fcc1; upstream d66a5d7f1b46b0ed8891c34ccfe163d491c4ff3d. No executable CardDefinition path found in current source index.,
Chevill,81,Garruk's Uprising,3127ae9b-a7a7-43ec-89d7-688f8445b33d,CARD_ADVANTAGE,CARD_SELECTION,3,G,Enchantment,Scryfall oracle_id 3127ae9b-a7a7-43ec-89d7-688f8445b33d; repository audit 31853cfe91b52718dc3fb67f159e6267d9c5fcc1,TRUE,mtg-sets\2017-2022\src\main\kotlin\com\wingedsheep\mtg\sets\definitions\m21\cards\GarruksUprising.kt,HAND_AUTHORED,FALSE,,SUPPORTED_DEFINITION_TEST_UNCLEAR,draw|etb|static_ability|trample,CARD_SELECTION|PRIORITY_ACTION,FALSE,FALSE,FALSE,FALSE,FALSE,Audit source 31853cfe91b52718dc3fb67f159e6267d9c5fcc1; upstream d66a5d7f1b46b0ed8891c34ccfe163d491c4ff3d. Hand-authored definition; no exact ScenarioTest found.,
Chevill,82,Assassin's Trophy,ac10d218-f9a6-4058-9cda-a15ca1b0b7b5,REMOVAL,,2,BG,Instant,Scryfall oracle_id ac10d218-f9a6-4058-9cda-a15ca1b0b7b5; repository audit 31853cfe91b52718dc3fb67f159e6267d9c5fcc1,FALSE,,UNKNOWN,FALSE,,CARD_DEFINITION_MISSING,destroy|ramp_opponent|target_selection|targeted_removal,PAYMENT|PRIORITY_ACTION|TARGET,FALSE,FALSE,FALSE,FALSE,FALSE,Audit source 31853cfe91b52718dc3fb67f159e6267d9c5fcc1; upstream d66a5d7f1b46b0ed8891c34ccfe163d491c4ff3d. No executable CardDefinition path found in current source index.,
Chevill,83,Putrefy,9b271430-f53d-42d6-a547-2f286dd9bcb6,REMOVAL,,3,BG,Instant,Scryfall oracle_id 9b271430-f53d-42d6-a547-2f286dd9bcb6; repository audit 31853cfe91b52718dc3fb67f159e6267d9c5fcc1,TRUE,mtg-sets\2003-2007\src\main\kotlin\com\wingedsheep\mtg\sets\definitions\rav\cards\Putrefy.kt,GENERATED,FALSE,,SUPPORTED_DEFINITION_TEST_UNCLEAR,artifact_removal|destroy|target_selection|targeted_removal,PAYMENT|PRIORITY_ACTION|TARGET,FALSE,FALSE,FALSE,FALSE,FALSE,Audit source 31853cfe91b52718dc3fb67f159e6267d9c5fcc1; upstream d66a5d7f1b46b0ed8891c34ccfe163d491c4ff3d. Generated/predictive definition; card-specific conformance remains unproven.,
Chevill,84,Beast Within,7735eeba-693b-47e2-bd51-414379cf1016,REMOVAL,,3,G,Instant,Scryfall oracle_id 7735eeba-693b-47e2-bd51-414379cf1016; repository audit 31853cfe91b52718dc3fb67f159e6267d9c5fcc1,TRUE,mtg-sets\2024\src\main\kotlin\com\wingedsheep\mtg\sets\definitions\blc\cards\BeastWithin.kt,HAND_AUTHORED,FALSE,,SUPPORTED_DEFINITION_TEST_UNCLEAR,destroy|target_selection|targeted_removal|token_creation,PAYMENT|PRIORITY_ACTION|TARGET,FALSE,FALSE,FALSE,FALSE,FALSE,Audit source 31853cfe91b52718dc3fb67f159e6267d9c5fcc1; upstream d66a5d7f1b46b0ed8891c34ccfe163d491c4ff3d. Hand-authored definition; no exact ScenarioTest found.,
Chevill,85,Abrupt Decay,1c747fe2-289e-492a-a846-aa77707e2dc3,REMOVAL,,2,BG,Instant,Scryfall oracle_id 1c747fe2-289e-492a-a846-aa77707e2dc3; repository audit 31853cfe91b52718dc3fb67f159e6267d9c5fcc1,FALSE,,UNKNOWN,FALSE,,CARD_DEFINITION_MISSING,destroy|target_selection|targeted_removal,PAYMENT|PRIORITY_ACTION|TARGET,FALSE,FALSE,FALSE,FALSE,FALSE,Audit source 31853cfe91b52718dc3fb67f159e6267d9c5fcc1; upstream d66a5d7f1b46b0ed8891c34ccfe163d491c4ff3d. No executable CardDefinition path found in current source index.,
Chevill,86,Go for the Throat,2f092562-9e17-43cd-aeb8-d0567f99363e,REMOVAL,,2,B,Instant,Scryfall oracle_id 2f092562-9e17-43cd-aeb8-d0567f99363e; repository audit 31853cfe91b52718dc3fb67f159e6267d9c5fcc1,FALSE,,UNKNOWN,FALSE,,CARD_DEFINITION_MISSING,destroy|target_selection|targeted_removal,PAYMENT|PRIORITY_ACTION|TARGET,FALSE,FALSE,FALSE,FALSE,FALSE,Audit source 31853cfe91b52718dc3fb67f159e6267d9c5fcc1; upstream d66a5d7f1b46b0ed8891c34ccfe163d491c4ff3d. No executable CardDefinition path found in current source index.,
Chevill,87,Bite Down,623903de-3c04-4745-9af3-d7ec9fb2574d,REMOVAL,,2,G,Instant,Scryfall oracle_id 623903de-3c04-4745-9af3-d7ec9fb2574d; repository audit 31853cfe91b52718dc3fb67f159e6267d9c5fcc1,TRUE,mtg-sets\2017-2022\src\main\kotlin\com\wingedsheep\mtg\sets\definitions\dmu\cards\BiteDown.kt,GENERATED,TRUE,mtg-sets\2024\tests\src\test\kotlin\com\wingedsheep\engine\scenarios\BiteDownScenarioTest.kt,SUPPORTED_DEFINITION_TEST_UNCLEAR,fight_or_bite|power_based_damage|target_selection|targeted_removal,DAMAGE_ASSIGNMENT|PAYMENT|PRIORITY_ACTION|TARGET,FALSE,FALSE,FALSE,FALSE,FALSE,Audit source 31853cfe91b52718dc3fb67f159e6267d9c5fcc1; upstream d66a5d7f1b46b0ed8891c34ccfe163d491c4ff3d. Generated/predictive definition; card-specific conformance remains unproven.,
Chevill,88,Tear Asunder,610af0f7-b5e3-43fb-9d02-7c59bd99034c,REMOVAL,,2,BG,Instant,Scryfall oracle_id 610af0f7-b5e3-43fb-9d02-7c59bd99034c; repository audit 31853cfe91b52718dc3fb67f159e6267d9c5fcc1,FALSE,,UNKNOWN,FALSE,,CARD_DEFINITION_MISSING,exile|modal_choice|target_selection|targeted_removal,MODE|PAYMENT|PRIORITY_ACTION|TARGET,FALSE,FALSE,FALSE,FALSE,FALSE,Audit source 31853cfe91b52718dc3fb67f159e6267d9c5fcc1; upstream d66a5d7f1b46b0ed8891c34ccfe163d491c4ff3d. No executable CardDefinition path found in current source index.,
Chevill,89,Maelstrom Pulse,95ce305f-34bc-4d6d-b7ba-ffd4b2a25336,REMOVAL,,3,BG,Sorcery,Scryfall oracle_id 95ce305f-34bc-4d6d-b7ba-ffd4b2a25336; repository audit 31853cfe91b52718dc3fb67f159e6267d9c5fcc1,TRUE,mtg-sets\2008-2016\src\main\kotlin\com\wingedsheep\mtg\sets\definitions\arb\cards\MaelstromPulse.kt,HAND_AUTHORED,FALSE,,SUPPORTED_DEFINITION_TEST_UNCLEAR,destroy|same_name|target_selection|targeted_removal,PAYMENT|PRIORITY_ACTION|TARGET,FALSE,FALSE,FALSE,FALSE,FALSE,Audit source 31853cfe91b52718dc3fb67f159e6267d9c5fcc1; upstream d66a5d7f1b46b0ed8891c34ccfe163d491c4ff3d. Hand-authored definition; no exact ScenarioTest found.,
Chevill,90,Diabolic Edict,058917c1-21ab-488a-9f9c-591c55f3c596,REMOVAL,,2,B,Instant,Scryfall oracle_id 058917c1-21ab-488a-9f9c-591c55f3c596; repository audit 31853cfe91b52718dc3fb67f159e6267d9c5fcc1,TRUE,mtg-sets\1993-1999\src\main\kotlin\com\wingedsheep\mtg\sets\definitions\tmp\cards\DiabolicEdict.kt,HAND_AUTHORED,TRUE,mtg-sets\1993-1999\tests\src\test\kotlin\com\wingedsheep\engine\scenarios\DiabolicEdictScenarioTest.kt,SUPPORTED_AND_TESTED,edict|sacrifice|target_selection|targeted_removal,PAYMENT|PRIORITY_ACTION|TARGET,FALSE,FALSE,FALSE,FALSE,FALSE,Audit source 31853cfe91b52718dc3fb67f159e6267d9c5fcc1; upstream d66a5d7f1b46b0ed8891c34ccfe163d491c4ff3d. Hand-authored definition with exact ScenarioTest. Friendly replacement of Ideal slot card: Sheoldred's Edict.,Sheoldred's Edict
Chevill,91,Nature's Claim,6d4e558e-9109-4918-a082-fdcbaffd516b,REMOVAL,,1,G,Instant,Scryfall oracle_id 6d4e558e-9109-4918-a082-fdcbaffd516b; repository audit 31853cfe91b52718dc3fb67f159e6267d9c5fcc1,FALSE,,UNKNOWN,FALSE,,CARD_DEFINITION_MISSING,artifact_enchantment_removal|life_gain_opponent|target_selection|targeted_removal,PAYMENT|PRIORITY_ACTION|TARGET,FALSE,FALSE,FALSE,FALSE,FALSE,Audit source 31853cfe91b52718dc3fb67f159e6267d9c5fcc1; upstream d66a5d7f1b46b0ed8891c34ccfe163d491c4ff3d. No executable CardDefinition path found in current source index.,
Chevill,92,Damnation,d57a8f0b-7989-4db5-8756-6f2690097252,BOARD_WIPE,,4,B,Sorcery,Scryfall oracle_id d57a8f0b-7989-4db5-8756-6f2690097252; repository audit 31853cfe91b52718dc3fb67f159e6267d9c5fcc1,FALSE,,UNKNOWN,FALSE,,CARD_DEFINITION_MISSING,board_wipe|destroy|mass_removal,CONFIRMATION|PAYMENT|PRIORITY_ACTION,FALSE,FALSE,FALSE,FALSE,TRUE,Audit source 31853cfe91b52718dc3fb67f159e6267d9c5fcc1; upstream d66a5d7f1b46b0ed8891c34ccfe163d491c4ff3d. No executable CardDefinition path found in current source index.,
Chevill,93,Infest,d6850616-7db5-4141-9ab0-ae8d1f08114f,BOARD_WIPE,,3,B,Sorcery,Scryfall oracle_id d6850616-7db5-4141-9ab0-ae8d1f08114f; repository audit 31853cfe91b52718dc3fb67f159e6267d9c5fcc1,TRUE,mtg-sets\2000-2002\src\main\kotlin\com\wingedsheep\mtg\sets\definitions\ons\cards\Infest.kt,HAND_AUTHORED,FALSE,,SUPPORTED_DEFINITION_TEST_UNCLEAR,board_wipe|mass_removal|minus_x_minus_x,CONFIRMATION|PAYMENT|PRIORITY_ACTION,FALSE,FALSE,FALSE,FALSE,TRUE,Audit source 31853cfe91b52718dc3fb67f159e6267d9c5fcc1; upstream d66a5d7f1b46b0ed8891c34ccfe163d491c4ff3d. Hand-authored definition; no exact ScenarioTest found. Friendly replacement of Ideal slot card: Languish.,Languish
Chevill,94,Tamiyo's Safekeeping,bb2b324c-970a-4920-884e-c92ba49669f0,PROTECTION,,1,G,Instant,Scryfall oracle_id bb2b324c-970a-4920-884e-c92ba49669f0; repository audit 31853cfe91b52718dc3fb67f159e6267d9c5fcc1,FALSE,,UNKNOWN,FALSE,,CARD_DEFINITION_MISSING,hexproof|indestructible|targeted_protection,PAYMENT|PRIORITY_ACTION|TARGET,FALSE,FALSE,FALSE,FALSE,FALSE,Audit source 31853cfe91b52718dc3fb67f159e6267d9c5fcc1; upstream d66a5d7f1b46b0ed8891c34ccfe163d491c4ff3d. No executable CardDefinition path found in current source index.,
Chevill,95,Snakeskin Veil,1e6a24be-8281-41c1-a5ba-b68f0ef1d7b8,PROTECTION,,1,G,Instant,Scryfall oracle_id 1e6a24be-8281-41c1-a5ba-b68f0ef1d7b8; repository audit 31853cfe91b52718dc3fb67f159e6267d9c5fcc1,TRUE,mtg-sets\2017-2022\src\main\kotlin\com\wingedsheep\mtg\sets\definitions\khm\cards\SnakeskinVeil.kt,HAND_AUTHORED,FALSE,,SUPPORTED_DEFINITION_TEST_UNCLEAR,hexproof|plus_one_counter|targeted_protection,PAYMENT|PRIORITY_ACTION|TARGET,FALSE,FALSE,FALSE,FALSE,FALSE,Audit source 31853cfe91b52718dc3fb67f159e6267d9c5fcc1; upstream d66a5d7f1b46b0ed8891c34ccfe163d491c4ff3d. Hand-authored definition; no exact ScenarioTest found.,
Chevill,96,Golgari Charm,f0ab7166-9fcf-46e5-af2c-b7f628db4789,PROTECTION,,2,BG,Instant,Scryfall oracle_id f0ab7166-9fcf-46e5-af2c-b7f628db4789; repository audit 31853cfe91b52718dc3fb67f159e6267d9c5fcc1,FALSE,,UNKNOWN,FALSE,,CARD_DEFINITION_MISSING,board_modifier|modal_choice|targeted_protection,MODE|PAYMENT|PRIORITY_ACTION|TARGET,FALSE,FALSE,FALSE,FALSE,FALSE,Audit source 31853cfe91b52718dc3fb67f159e6267d9c5fcc1; upstream d66a5d7f1b46b0ed8891c34ccfe163d491c4ff3d. No executable CardDefinition path found in current source index.,
Chevill,97,Undying Malice,8b061702-1bc3-45aa-a758-446b25034801,PROTECTION,,1,B,Instant,Scryfall oracle_id 8b061702-1bc3-45aa-a758-446b25034801; repository audit 31853cfe91b52718dc3fb67f159e6267d9c5fcc1,TRUE,mtg-sets\2017-2022\src\main\kotlin\com\wingedsheep\mtg\sets\definitions\vow\cards\UndyingMalice.kt,HAND_AUTHORED,TRUE,mtg-sets\2017-2022\tests\src\test\kotlin\com\wingedsheep\engine\scenarios\UndyingMaliceScenarioTest.kt,SUPPORTED_AND_TESTED,dies_trigger|graveyard_recursion|plus_one_counter|targeted_protection|temporary_ability,PAYMENT|PRIORITY_ACTION|TARGET,FALSE,FALSE,FALSE,FALSE,FALSE,Audit source 31853cfe91b52718dc3fb67f159e6267d9c5fcc1; upstream d66a5d7f1b46b0ed8891c34ccfe163d491c4ff3d. Hand-authored definition with exact ScenarioTest. Friendly replacement of Ideal slot card: Malakir Rebirth // Malakir Mire.,Malakir Rebirth // Malakir Mire
Chevill,98,Diabolic Intent,038519b9-bca8-4b27-b5ac-2409595469d0,TUTOR,,2,B,Sorcery,Scryfall oracle_id 038519b9-bca8-4b27-b5ac-2409595469d0; repository audit 31853cfe91b52718dc3fb67f159e6267d9c5fcc1,TRUE,mtg-sets\2000-2002\src\main\kotlin\com\wingedsheep\mtg\sets\definitions\pls\cards\DiabolicIntent.kt,GENERATED,FALSE,,SUPPORTED_DEFINITION_TEST_UNCLEAR,sacrifice_as_cost|search|shuffle,CARD_SELECTION|PAYMENT|PRIORITY_ACTION|SEARCH,FALSE,FALSE,FALSE,TRUE,FALSE,Audit source 31853cfe91b52718dc3fb67f159e6267d9c5fcc1; upstream d66a5d7f1b46b0ed8891c34ccfe163d491c4ff3d. Generated/predictive definition; card-specific conformance remains unproven.,
Chevill,99,Regrowth,e6e4a8bd-5c40-4654-8de1-0da9afed90fd,RECURSION,,2,G,Sorcery,Scryfall oracle_id e6e4a8bd-5c40-4654-8de1-0da9afed90fd; repository audit 31853cfe91b52718dc3fb67f159e6267d9c5fcc1,TRUE,mtg-sets\1993-1999\src\main\kotlin\com\wingedsheep\mtg\sets\definitions\lea\cards\Regrowth.kt,GENERATED,FALSE,,SUPPORTED_DEFINITION_TEST_UNCLEAR,graveyard_recursion|target_selection,CARD_SELECTION|PAYMENT|PRIORITY_ACTION|TARGET,FALSE,FALSE,FALSE,FALSE,FALSE,Audit source 31853cfe91b52718dc3fb67f159e6267d9c5fcc1; upstream d66a5d7f1b46b0ed8891c34ccfe163d491c4ff3d. Generated/predictive definition; card-specific conformance remains unproven.,
Chevill,100,Unearth,4e0b647a-6e1a-421b-bca9-8d5e346bda80,RECURSION,,1,B,Sorcery,Scryfall oracle_id 4e0b647a-6e1a-421b-bca9-8d5e346bda80; repository audit 31853cfe91b52718dc3fb67f159e6267d9c5fcc1,TRUE,mtg-sets\1993-1999\src\main\kotlin\com\wingedsheep\mtg\sets\definitions\ulg\cards\Unearth.kt,GENERATED,FALSE,,SUPPORTED_DEFINITION_TEST_UNCLEAR,cycling|graveyard_recursion|mana_value_restriction,CARD_SELECTION|PAYMENT|PRIORITY_ACTION|TARGET,FALSE,FALSE,FALSE,FALSE,FALSE,Audit source 31853cfe91b52718dc3fb67f159e6267d9c5fcc1; upstream d66a5d7f1b46b0ed8891c34ccfe163d491c4ff3d. Generated/predictive definition; card-specific conformance remains unproven. Friendly replacement of Ideal slot card: Victimize.,Victimize
